channel_name,subscribers,category,views_counts,video_count,started_year,rank
"
T-Series
    ","253,000,000",Music,"237,734,291,272","19,805",2006,1
"
SET India
    ","165,000,000",Shows,"153,837,872,254","121,482",2006,2
"
Sony SAB
    ","86,900,000",Shows,"106,649,063,900","75,541",2007,3
"
Colors TV
    ","68,300,000",Shows,"65,683,570,375","122,429",2008,4
"
Zee Music Company
    ","102,000,000",Music,"61,744,999,153","9,440",2014,5
"
ChuChu TV Nursery Rhymes & Kids Songs
    ","68,700,000",Education,"48,153,194,126",721,2013,6
"
Wave Music
    ","59,600,000",Music,"41,390,564,677","19,732",2014,7
"
YRF
    ","57,000,000",Film & Animation,"37,679,190,442","3,860",2006,8
"
Tips Official
    ","62,100,000",Music,"35,416,677,053","5,118",2007,9
"
Vijay Television
    ","21,900,000",Entertainment,"33,508,518,854","58,371",2007,10
"
Infobells - Hindi
    ","57,000,000",Education,"32,908,610,979",611,2014,11
"
T-Series Bhakti Sagar
    ","64,300,000",Music,"31,562,225,888","26,738",2011,12
"
Sony Music India
    ","58,500,000",Music,"29,987,391,080","4,153",2009,13
"
Speed Records
    ","43,000,000",Music,"27,528,228,529","11,108",2012,14
"
Aaj Tak
    ","59,800,000",News & Politics,"27,141,741,604","313,742",2009,15
"
Aditya Music India
    ","29,300,000",Music,"27,073,595,057","22,084",2008,16
"
KL BRO Biju Rithvik
    ","34,500,000",Entertainment,"26,538,071,218","2,098",2020,17
"
Goldmines
    ","91,800,000",Film & Animation,"26,402,207,071","7,143",2012,18
"
Sun TV
    ","25,300,000",People & Blogs,"24,997,373,612","72,109",2016,19
"
T-Series Bollywood Classics
    ","37,400,000",Music,"24,080,969,993","2,029",2012,20
"
etvteluguindia
    ","19,900,000",Entertainment,"24,016,380,361","131,526",2010,21
"
Shemaroo
    ","49,900,000",Entertainment,"23,411,312,182","11,321",2007,22
"
Shorts Break
    ","32,900,000",Comedy,"22,293,994,787",521,2021,23
"
T-Series Apna Punjab
    ","35,300,000",Music,"22,157,277,590","7,955",2011,24
"
Dushyant kukreja
    ","34,200,000",Entertainment,"20,785,194,186",993,2015,25
"
ZEE5
    ","14,700,000",Entertainment,"19,085,027,209","107,239",2018,26
"
Zee News
    ","32,900,000",News & Politics,"18,975,252,307","195,136",2007,27
"
infobells - Tamil
    ","30,100,000",Education,"18,673,360,205",590,2014,28
"
Mazhavil Manorama
    ","16,700,000",Entertainment,"18,087,724,401","95,095",2011,29
"
Goldmines Gaane Sune Ansune
    ","39,800,000",Music,"17,636,837,692","3,632",2015,30
"
IndiaTV
    ","37,300,000",News & Politics,"17,491,982,328","286,823",2006,31
"
WowKidz
    ","33,600,000",Film & Animation,"17,405,941,367","5,253",2015,32
"
Worldwide Records Bhojpuri
    ","32,700,000",Music,"17,007,109,057","6,736",2012,33
"
Jkk Entertainment
    ","37,400,000",Comedy,"16,598,743,533",226,2017,34
"
Tarang TV
    ","8,210,000",Entertainment,"16,539,997,949","53,574",2012,35
"
Dangal TV Channel
    ","25,200,000",Entertainment,"16,317,074,524","24,015",2017,36
"
Ultra Bollywood
    ","37,700,000",Trailers,"15,990,065,948","9,483",2009,37
"
Asianet
    ","9,850,000",Entertainment,"15,972,002,935","122,186",2008,38
"
infobells - Telugu
    ","30,000,000",Education,"15,834,938,841",540,2014,39
"
Rajshri
    ","34,600,000",Music,"15,677,584,952","4,048",2006,40
"
Ishaan Ali 11
    ","25,900,000",People & Blogs,"15,206,555,092","1,073",2016,41
"
Gulshan Kalra
    ","30,900,000",Howto & Style,"14,259,244,799",577,2018,42
"
Priyal Kukreja
    ","24,900,000",People & Blogs,"14,253,832,167",878,2021,43
"
ABP NEWS
    ","38,800,000",People & Blogs,"14,203,518,342","330,448",2012,44
"
ETV Jabardasth
    ","14,400,000",People & Blogs,"14,035,014,925","10,476",2015,45
"
BehindwoodsTV
    ","13,600,000",Entertainment,"13,603,234,151","60,007",2010,46
"
LittleGlove
    ","13,500,000",People & Blogs,"13,296,467,926","1,795",2020,47
"
Kashvi Adlakha
    ","16,000,000",Entertainment,"13,096,220,083","1,644",2017,48
"
Geet MP3
    ","34,700,000",Music,"13,095,007,446",684,2016,49
"
Taarak Mehta Ka Ooltah Chashmah
    ","18,800,000",Entertainment,"12,910,021,112","5,976",2014,50
"
Neetu Bisht
    ","18,400,000",Entertainment,"12,419,230,725","1,576",2011,51
"
LIV Crime
    ","23,200,000",People & Blogs,"12,340,910,877","11,702",2020,52
"
Lahari Music - TSeries
    ","17,200,000",Music,"12,332,712,704","9,042",2011,53
"
Flowers Comedy
    ","12,900,000",Entertainment,"12,301,246,079","12,653",2015,54
"
Apu Alone
    ","10,000,000",Comedy,"12,135,800,185","3,657",2021,55
"
TV9 Bharatvarsh
    ","17,100,000",People & Blogs,"12,021,452,073","327,071",2018,56
"
SEVENGERS
    ","15,600,000",Comedy,"11,615,743,628",981,2018,57
"
Bobby chourasiya
    ","22,300,000",People & Blogs,"11,587,352,145",479,2019,58
"
Azhan5star
    ","26,100,000",Entertainment,"11,537,396,813",745,2021,59
"
KHANDESHI MOVIES
    ","33,500,000",Comedy,"11,525,959,820",225,2013,60
"
The Lallantop
    ","26,500,000",News & Politics,"11,404,424,384","55,187",2015,61
"
White Hill Music
    ","23,400,000",Entertainment,"11,313,019,435","6,334",2014,62
"
Sony Music South
    ","16,300,000",Music,"11,160,433,451","3,007",2014,63
"
Polimer News
    ","9,410,000",News & Politics,"11,132,983,814","212,712",2014,64
"
Aditya Movies
    ","30,200,000",Movies,"11,126,408,530","6,077",2012,65
"
Family Fitness
    ","13,100,000",Entertainment,"10,779,211,721","1,853",2017,66
"
Tilak
    ","26,500,000",Film & Animation,"10,727,256,309","8,117",2020,67
"
Heroindori
    ","28,200,000",Comedy,"10,671,144,866",527,2020,68
"
Techno Gamerz
    ","36,800,000",Gaming,"10,612,946,539",991,2017,69
"
Cheri's World
    ","16,400,000",People & Blogs,"10,611,716,966",952,2014,70
"
The Vishal bhatt
    ","15,700,000",Comedy,"10,594,082,590","1,158",2021,71
"
Sourav Joshi Vlogs
    ","23,300,000",People & Blogs,"10,540,532,622","1,505",2019,72
"
unknown boy varun
    ","25,900,000",Music,"10,426,094,812",537,2016,73
"
ABP MAJHA
    ","11,800,000",News & Politics,"10,391,947,970","340,242",2014,74
"
spider-maaaaaaan / ã¹ãã¤ãã¼ã¡ã¼ã³
    ","14,600,000",,"10,371,338,470","1,523",2022,75
"
Desi Music Factory
    ","33,700,000",Music,"10,345,629,101",130,2014,76
"
Sun Bangla
    ","9,380,000",Entertainment,"10,241,772,725","24,163",2018,77
"
V6 News Telugu
    ","9,540,000",News & Politics,"10,229,350,331","277,370",2013,78
"
Thanthi TV
    ","9,020,000",News & Politics,"10,170,790,251","337,628",2012,79
"
TV9 Telugu Live
    ","10,900,000",Entertainment,"9,947,891,684","294,300",2011,80
"
Volga Video
    ","16,000,000",Film & Animation,"9,932,517,649","17,003",2012,81
"
SriBalajiMovies
    ","17,300,000",Entertainment,"9,899,711,311","21,828",2011,82
"
A2 Motivation by Arvind Arora
    ","16,200,000",Entertainment,"9,861,413,223","3,515",2017,83
"
Green Gold TV - Official Channel
    ","20,300,000",Film & Animation,"9,788,616,366","1,654",2011,84
"
Akshay Nagwadiya
    ","29,600,000",Entertainment,"9,745,480,216",710,2017,85
"
Prime Video India
    ","19,000,000",Entertainment,"9,743,183,327","8,289",2016,86
"
The geeta gurjar
    ","15,800,000",,"9,692,719,244",940,2021,87
"
Aayu and Pihu Show
    ","17,100,000",Comedy,"9,684,400,923",470,2017,88
"
Republic Bharat
    ","18,800,000",News & Politics,"9,663,115,315","115,019",2019,89
"
Manorama News
    ","8,380,000",News & Politics,"9,620,508,347","443,686",2014,90
"
Goldmines Bollywood
    ","27,900,000",Film & Animation,"9,168,481,453","3,998",2015,91
"
Goldmines Dishoom
    ","29,300,000",Film & Animation,"9,149,470,477","4,235",2016,92
"
THE BROWN SIBLINGS
    ","15,700,000",Entertainment,"9,051,073,598","1,095",2016,93
"
STAR à¤­à¤¾à¤°à¤¤
    ","12,600,000",People & Blogs,"9,048,963,932","18,298",2007,94
"
Pop Chartbusters
    ","17,400,000",Music,"9,032,679,564","2,256",2011,95
"
VENDY YADUWANSHI
    ","12,800,000",Entertainment,"9,013,236,347",924,2020,96
"
News 24
    ","18,300,000",News & Politics,"8,985,551,754","248,897",2014,97
"
jaanvi patel
    ","20,600,000",People & Blogs,"8,972,596,442",542,2018,98
"
Vijay Kumar Viner Vlogs
    ","16,400,000",Entertainment,"8,844,845,174","1,580",2019,99
"
Wow Kidz Action
    ","20,200,000",Film & Animation,"8,800,690,036","2,024",2017,100
"
RS 1313 SHORTS
    ","15,400,000",Entertainment,"8,776,422,895","6,029",2020,101
"
Right to Shiksha
    ","13,900,000",Education,"8,691,651,113","2,300",2020,102
"
prashu__baby
    ","9,420,000",Entertainment,"8,646,709,991",940,2011,103
"
Harpreet SDC
    ","11,500,000",Entertainment,"8,601,972,905","2,373",2019,104
"
ABPLIVE
    ","26,300,000",People & Blogs,"8,589,885,715","195,423",2017,105
"
Infobells Bangla
    ","17,000,000",Education,"8,588,153,540",392,2016,106
"
Netflix India
    ","22,600,000",People & Blogs,"8,542,264,658","3,921",2016,107
"
deepesh zo
    ","20,000,000",People & Blogs,"8,378,919,405",680,2021,108
"
Raj Grover
    ","11,000,000",Entertainment,"8,362,586,997",541,2021,109
"
Busy Fun Ltd
    ","19,600,000",,"8,283,605,693",221,2019,110
"
Shemaroo Movies
    ","30,000,000",Entertainment,"8,239,138,114","3,157",2011,111
"
Sony LIV
    ","16,800,000",Entertainment,"8,214,074,036","13,751",2014,112
"
Crazy XYZ
    ","28,500,000",Entertainment,"8,180,991,813","1,297",2017,113
"
Saregama TV Shows Tamil
    ","7,470,000",People & Blogs,"8,163,152,107","21,405",2018,114
"
Fun For Kids TV - Hindi Rhymes
    ","18,400,000",Entertainment,"8,112,575,202",172,2017,115
"
Anand Audio
    ","11,100,000",Music,"8,110,527,060","5,200",2011,116
"
Pari's Lifestyle
    ","12,600,000",People & Blogs,"7,952,746,460",493,2018,117
"
Zee Kids
    ","13,000,000",Film & Animation,"7,945,825,365","1,231",2012,118
"
NTV Telugu
    ","7,770,000",News & Politics,"7,923,514,424","311,934",2014,119
"
Sonotek
    ","19,400,000",Entertainment,"7,724,793,839","8,318",2011,120
"
NMF News
    ","17,000,000",News & Politics,"7,699,654,989","117,842",2013,121
"
ETV Dhee
    ","10,500,000",People & Blogs,"7,686,542,657","4,663",2017,122
"
Kiddiestv Hindi - Nursery Rhymes & Kids Songs
    ","21,000,000",Education,"7,608,115,804",235,2017,123
"
Anupam Movie Songs
    ","11,500,000",Music,"7,560,346,746","3,088",2018,124
"
Paayal Tena Short Videos
    ","10,700,000",People & Blogs,"7,549,016,993",937,2021,125
"
mallemalatv
    ","8,510,000",Entertainment,"7,458,758,063","12,701",2014,126
"
CHANDAN ART ACADEMY
    ","10,000,000",Education,"7,394,101,070","1,833",2016,127
"
VikatanTV
    ","7,310,000",Shows,"7,248,407,610","21,231",2011,128
"
TeluguOne
    ","9,830,000",Comedy,"7,239,067,934","48,459",2006,129
"
LIV Comedy
    ","11,600,000",Entertainment,"7,092,295,915","11,699",2020,130
"
123 GO! Hindi
    ","10,700,000",Entertainment,"7,081,658,555",578,2019,131
"
Pen Movies
    ","25,300,000",Film & Animation,"7,046,563,183","1,672",2014,132
"
Ruh
    ","12,500,000",People & Blogs,"7,021,569,499","1,126",2021,133
"
infobells - Kannada
    ","15,000,000",Education,"7,006,973,253",468,2014,134
"
sagar kalra (Shorts)
    ","17,400,000",People & Blogs,"6,956,931,089",481,2017,135
"
SVF
    ","11,700,000",Music,"6,908,279,798","3,448",2006,136
"
Kids TV India Hindi Nursery Rhymes
    ","14,200,000",Shows,"6,889,952,531","1,657",2014,137
"
NDTV India
    ","15,400,000",News & Politics,"6,837,801,539","101,399",2008,138
"
Sangeeth Kumar
    ","10,600,000",People & Blogs,"6,810,493,362",798,2021,139
"
Mukesh jaiswal
    ","10,900,000",People & Blogs,"6,763,610,495","1,191",2017,140
"
Akash Parihar
    ","9,520,000",People & Blogs,"6,748,456,099",652,2021,141
"
Bihari Ladka
    ","11,400,000",Gaming,"6,718,206,411",588,2017,142
"
SagaHits
    ","12,000,000",Music,"6,598,444,826","3,038",2010,143
"
Voot
    ","8,770,000",People & Blogs,"6,581,933,667","25,221",2016,144
"
SRK MUSIC
    ","15,700,000",Music,"6,571,418,889","5,142",2012,145
"
Samayra Narula Official
    ","11,100,000",People & Blogs,"6,540,533,251","1,116",2020,146
"
Noman Official
    ","18,500,000",Comedy,"6,537,983,898",675,2019,147
"
Vikram Singh Fitness
    ","6,980,000",Sports,"6,492,181,749","9,361",2018,148
"
MY FAMILY
    ","16,300,000",,"6,480,524,374",297,2019,149
"
Village Cooking Channel
    ","23,000,000",Howto & Style,"6,457,926,664",220,2018,150
"
Enterr10 Rangeela
    ","12,800,000",Entertainment,"6,426,237,758","5,095",2017,151
"
Artist Shikha Sharma
    ","9,730,000",Entertainment,"6,409,086,919","1,562",2019,152
"
Paytm
    ","572,000",People & Blogs,"6,396,660,323",702,2013,153
"
Nirahua Music World
    ","12,400,000",Music,"6,381,031,046",819,2014,154
"
Zee 24 Taas
    ","8,040,000",News & Politics,"6,355,707,308","322,957",2010,155
"
asianetnews
    ","8,430,000",News & Politics,"6,324,185,114","238,249",2008,156
"
Mor Haryanvi
    ","12,200,000",Music,"6,297,260,135",414,2015,157
"
Shalimar Telugu & Hindi Movies
    ","8,350,000",Entertainment,"6,253,072,817","81,331",2013,158
"
ADHARV & COUSINS JOURNEY
    ","6,330,000",Entertainment,"6,240,555,205",981,2020,159
"
T-Series Telugu
    ","8,720,000",Music,"6,173,303,998","6,164",2014,160
"
Jass Records
    ","13,000,000",Music,"6,160,413,159","5,301",2014,161
"
Galatta Tamil | à®à®²à®¾à®à¯à®à®¾ à®¤à®®à®¿à®´à¯
    ","7,700,000",Entertainment,"6,154,224,162","72,426",2010,162
"
Ankita Bhawsar
    ","12,200,000",People & Blogs,"6,135,677,049",723,2017,163
"
Shivam Malik
    ","8,820,000",Education,"6,091,338,786","5,435",2012,164
"
Sidharrth TV
    ","8,200,000",Entertainment,"6,041,553,882","16,424",2016,165
"
MR. INDIAN HACKER
    ","33,600,000",Science & Technology,"6,025,419,473",948,2012,166
"
Asli Mona Official
    ","11,500,000",Comedy,"6,021,221,447",848,2021,167
"
Priyankka Tyagi
    ","9,890,000",Comedy,"5,969,142,692",717,2021,168
"
Colors Bangla
    ","10,000,000",Entertainment,"5,898,691,356","53,541",2010,169
"
Total Gaming
    ","36,800,000",Gaming,"5,842,869,787","1,259",2018,170
"
Venus Entertainment
    ","24,700,000",Entertainment,"5,820,526,993","1,942",2010,171
"
Kanak News
    ","7,160,000",News & Politics,"5,746,340,427","234,110",2011,172
"
Oggy Hindi - à¤¹à¤¿à¤¨à¥à¤¦à¥
    ","10,800,000",Entertainment,"5,746,123,373",501,2019,173
"
Palli Gram TV
    ","8,820,000",,"5,744,243,147",335,2017,174
"
Ketan mehta
    ","8,960,000",People & Blogs,"5,684,922,091","1,072",2020,175
"
Suyash Vlogs
    ","5,480,000",Entertainment,"5,657,692,293","1,677",2015,176
"
Peppa Pig Hindi
    ","11,900,000",Film & Animation,"5,644,193,632",983,2018,177
"
Goldmines Great Indian Comedy
    ","20,500,000",Film & Animation,"5,626,836,093","3,438",2016,178
"
PuthiyathalaimuraiTV
    ","9,980,000",News & Politics,"5,584,193,701","289,956",2012,179
"
Pradeep life vlogs
    ","11,500,000",Entertainment,"5,576,682,796",862,2016,180
"
aman dancer real
    ","10,700,000",Entertainment,"5,473,234,912",396,2020,181
"
Dharma Productions
    ","10,600,000",Film & Animation,"5,465,827,132","1,454",2010,182
"
RS 1313 LIVE
    ","7,070,000",Gaming,"5,461,705,171","7,944",2020,183
"
Awez Darbar
    ","11,700,000",Entertainment,"5,444,176,675",850,2014,184
"
à¤®à¤¾à¤¶à¤¾ à¤à¤à¤¡ à¤¦ à¤¬à¥à¤¯à¤°
    ","12,300,000",Film & Animation,"5,441,465,270","1,052",2017,185
"
INDIA EAT MANIA
    ","6,120,000",Entertainment,"5,416,260,884","1,853",2019,186
"
Sathiyam News
    ","5,820,000",News & Politics,"5,396,489,072","214,136",2015,187
"
T-Series Regional
    ","14,400,000",Entertainment,"5,387,005,917","15,088",2011,188
"
Adaah Queen
    ","13,400,000",Entertainment,"5,358,628,687",509,2020,189
"
ChuChuTV Hindi
    ","11,800,000",Education,"5,353,267,515",388,2018,190
"
Chimkandi
    ","11,400,000",Comedy,"5,349,106,672",364,2016,191
"
Gauravaroravlogs 
    ","5,960,000",Entertainment,"5,320,795,959","1,410",2015,192
"
LIV Kids Hindi
    ","9,030,000",Education,"5,318,476,052","2,265",2016,193
"
infobells
    ","14,000,000",Education,"5,315,794,604",524,2011,194
"
Kurulus Osman Urdu by atv
    ","7,890,000",Entertainment,"5,307,034,885","6,786",2021,195
"
Jugnu Kids - Nursery Rhymes and Best Baby Songs
    ","12,800,000",Education,"5,303,829,403","4,880",2015,196
"
Wave Music Bhakti 
    ","12,800,000",Music,"5,264,541,438","20,187",2011,197
"
Foodie Incarnate
    ","5,450,000",People & Blogs,"5,261,588,465",967,2016,198
"
Ayan Mechanic
    ","5,040,000",Science & Technology,"5,225,294,676","1,387",2020,199
"
zoom
    ","7,460,000",Entertainment,"5,217,835,985","92,837",2007,200
"
NDTV
    ","12,800,000",Entertainment,"5,205,745,862","159,051",2006,201
"
NEXT9NEWS à¤¹à¤° à¤à¤¬à¤° à¤à¤ª à¤¤à¤
    ","11,500,000",Entertainment,"5,188,726,576","144,559",2014,202
"
VYRLOriginals
    ","12,000,000",Music,"5,154,981,751",256,2015,203
"
RDC Gujarati
    ","11,800,000",Music,"5,099,520,450","8,846",2013,204
"
ARE YOU HUNGRY
    ","7,400,000",Entertainment,"5,085,768,479","1,007",2020,205
"
Bindass Kavya
    ","11,000,000",,"5,083,647,177",668,2017,206
"
MyMissAnand
    ","13,700,000",People & Blogs,"5,069,639,750",356,2014,207
"
utkal cartoonworld
    ","7,630,000",,"5,054,072,935",642,2008,208
"
Rathore Cassettes
    ","12,600,000",Music,"5,053,473,307","5,907",2013,209
"
seeVi la
    ","4,850,000",Comedy,"5,050,845,265","4,232",2015,210
"
Hungry Birds
    ","9,470,000",Education,"5,048,132,174",504,2016,211
"
Sonam Prajapati team
    ","9,000,000",People & Blogs,"5,001,030,469","1,498",2019,212
"
Telugu Filmnagar
    ","12,400,000",Entertainment,"4,998,676,532","28,257",2011,213
"
UP Tak
    ","9,030,000",News & Politics,"4,991,795,876","43,147",2018,214
"
Taarak Mehta Ka Ooltah Chashmah Episodes
    ","3,040,000",Comedy,"4,979,248,469","9,559",2020,215
"
RKD Studios
    ","20,700,000",Entertainment,"4,950,536,878",834,2014,216
"
Saregama Hum Bhojpuri
    ","12,500,000",Music,"4,923,047,356","1,269",2019,217
"
CHINNU_6542
    ","5,570,000",Entertainment,"4,901,089,257",867,2015,218
"
IndiaGlitz Tamil
    ","6,750,000",Entertainment,"4,897,786,989","42,254",2010,219
"
Saas Bahu Aur Betiyaan
    ","6,690,000",People & Blogs,"4,891,215,046","40,942",2015,220
"
Crafter Aditi
    ","10,200,000",Howto & Style,"4,878,600,741","1,145",2014,221
"
Sandeep Bhatt Vlogs
    ","7,800,000",People & Blogs,"4,861,779,574","1,067",2020,222
"
ChuChuTV Learning with Surprise Eggs
    ","8,240,000",Education,"4,846,549,744",315,2015,223
"
BB Ki Vines
    ","26,400,000",Entertainment,"4,841,139,164",191,2015,224
"
Gem Tunes Haryanvi
    ","2,820,000",Entertainment,"4,831,576,604",825,2017,225
"
The MriDul
    ","16,100,000",Comedy,"4,828,945,268",133,2015,226
"
Single Track Studio
    ","11,900,000",Entertainment,"4,823,701,283","1,747",2010,227
"
Lokdhun Punjabi
    ","13,200,000",Music,"4,799,176,146","1,182",2010,228
"
News Nation
    ","11,700,000",News & Politics,"4,785,420,639","148,078",2012,229
"
Oneindia Hindi | à¤µà¤¨à¤à¤à¤¡à¤¿à¤¯à¤¾ à¤¹à¤¿à¤à¤¦à¥
    ","12,100,000",News & Politics,"4,762,676,528","149,847",2015,230
"
Cute.Shivani.05
    ","13,100,000",People & Blogs,"4,700,938,005",739,2021,231
"
Times Music
    ","12,400,000",Music,"4,641,199,994","2,462",2010,232
"
ChuChuTV Bangla
    ","7,750,000",,"4,594,128,370",304,2019,233
"
BLUE BOX
    ","6,120,000",,"4,586,591,691",475,2020,234
"
Koo Koo TV - Hindi
    ","12,100,000",Education,"4,556,202,494","1,224",2017,235
"
Abhay Bhadoriya
    ","9,920,000",Entertainment,"4,540,921,240","1,848",2018,236
"
Sanjoy Das Official
    ","15,000,000",Entertainment,"4,540,398,855","1,859",2015,237
"
CKM
    ","12,500,000",Comedy,"4,520,693,292",120,2018,238
"
Indore Physical Academy
    ","15,300,000",People & Blogs,"4,509,847,900","2,032",2014,239
"
StudyIQ IAS
    ","15,600,000",Education,"4,496,867,930","46,365",2015,240
"
TV5 News 
    ","4,780,000",News & Politics,"4,495,196,761","260,560",2011,241
"
Hindustan Times
    ","6,180,000",News & Politics,"4,494,358,320","54,668",2005,242
"
Sumeet Music
    ","7,310,000",Entertainment,"4,473,114,917","2,927",2013,243
"
WION
    ","8,200,000",News & Politics,"4,459,302,094","123,560",2016,244
"
Mahesh Chavan
    ","8,460,000",Entertainment,"4,434,391,496","1,062",2015,245
"
Chetak
    ","10,500,000",Music,"4,423,578,478","11,738",2011,246
"
Pjdivya Official
    ","9,250,000",People & Blogs,"4,399,165,997","1,194",2014,247
"
Nisha Lambha
    ","6,420,000",,"4,396,123,808","15,585",2012,248
"
The BN Family
    ","3,750,000",Entertainment,"4,351,865,881","1,183",2013,249
"
shuaib011
    ","11,600,000",Entertainment,"4,305,733,806",601,2020,250
"
RS 1313 SHORT STORIES
    ","6,330,000",Entertainment,"4,297,737,409","8,524",2020,251
"
Google India
    ","8,150,000",People & Blogs,"4,293,696,797",736,2007,252
"
Multi DO Challenge Hindi
    ","8,750,000",,"4,275,923,054",466,2020,253
"
shadab5star
    ","11,500,000",Entertainment,"4,270,536,074",816,2020,254
"
Movie Talkies
    ","6,990,000",Entertainment,"4,237,588,578","42,358",2008,255
"
Akash Sagar
    ","4,040,000",Comedy,"4,196,492,299",793,2017,256
"
FilterCopy
    ","10,000,000",Comedy,"4,167,858,576",923,2015,257
"
Hindi Kahaniya
    ","10,800,000",Film & Animation,"4,151,841,795","1,036",2018,258
"
MaJa Tv Moral Stories Fairy Tales
    ","11,100,000",Entertainment,"4,132,213,251",449,2017,259
"
ETV Andhra Pradesh
    ","5,830,000",News & Politics,"4,131,310,597","359,847",2011,260
"
FACT BOY
    ","9,190,000",,"4,128,917,807","1,071",2021,261
"
Tirth Parsana
    ","3,650,000",Film & Animation,"4,111,484,520","2,034",2017,262
"
News Tak
    ","10,100,000",News & Politics,"4,111,034,515","51,900",2017,263
"
NH Studioz
    ","13,100,000",Film & Animation,"4,108,946,103","3,132",2011,264
"
The noodles girl
    ","10,000,000",People & Blogs,"4,095,833,075",637,2020,265
"
SMOL Hindi
    ","4,880,000",Entertainment,"4,089,028,319","2,219",2021,266
"
Trimurti Cassettes
    ","9,240,000",Entertainment,"4,084,568,064","5,529",2012,267
"
Reshmi Jaiswal
    ","6,950,000",People & Blogs,"4,057,140,828",634,2021,268
"
SR Toys Collection
    ","12,200,000",Entertainment,"4,033,445,068",984,2012,269
"
vlogger varun
    ","11,300,000",Entertainment,"4,030,625,487",417,2018,270
"
Tech Master Shorts
    ","8,050,000",People & Blogs,"3,998,695,092",786,2021,271
"
Sufiyan and Nida
    ","5,910,000",Entertainment,"3,964,968,621","1,489",2020,272
"
Varsha Singh Rajput
    ","6,500,000",Entertainment,"3,963,022,629",584,2014,273
"
Tamil cinema
    ","7,320,000",Film & Animation,"3,962,758,643","6,368",2015,274
"
Rachit Rojha
    ","12,800,000",Entertainment,"3,962,538,530",203,2016,275
"
MK Studio
    ","9,260,000",Music,"3,924,672,394",171,2016,276
"
Vivek Bhardwaj
    ","11,200,000",,"3,920,827,996",610,2021,277
"
Sonotek Bhakti
    ","13,600,000",Entertainment,"3,919,656,339","8,253",2010,278
"
Flying Beast
    ","8,680,000",People & Blogs,"3,919,222,872","1,543",2017,279
"
Bollygrad Studioz
    ","8,700,000",Music,"3,908,669,905","66,352",2014,280
"
Zidaan Shahid Aly
    ","8,110,000",People & Blogs,"3,894,787,781","2,369",2021,281
"
Ayngaran
    ","5,550,000",Music,"3,893,736,781","20,477",2006,282
"
Dream Stories TV Adventure
    ","9,690,000",,"3,888,835,615",489,2019,283
"
ETV Plus India
    ","5,160,000",Comedy,"3,878,665,278","30,558",2013,284
"
Haste Raho
    ","10,300,000",Comedy,"3,877,259,303","1,835",2018,285
"
M4 Tech
    ","12,300,000",Entertainment,"3,866,519,703",581,2017,286
"
BhavaniHD Movies
    ","8,030,000",Entertainment,"3,862,210,214","34,893",2016,287
"
Pen  Bhakti
    ","7,800,000",Music,"3,855,715,321","5,578",2019,288
"
SumanTV
    ","7,450,000",Entertainment,"3,849,282,119","67,019",2013,289
"
Sony Marathi
    ","4,010,000",Entertainment,"3,822,707,027","40,613",2018,290
"
TellyMasala
    ","6,650,000",Entertainment,"3,791,218,865","35,951",2014,291
"
So Saute
    ","3,250,000",Howto & Style,"3,784,812,821","1,342",2020,292
"
Shemaroo Kids
    ","8,810,000",Entertainment,"3,781,226,922","2,378",2009,293
"
hmtv News
    ","4,250,000",News & Politics,"3,780,558,111","260,222",2014,294
"
Samsung India
    ","4,960,000",Science & Technology,"3,763,197,901","1,973",2009,295
"
Zee Music Marathi
    ","6,730,000",Music,"3,760,976,263","3,083",2014,296
"
Anjali Dhariwal
    ","10,300,000",People & Blogs,"3,747,931,938",612,2018,297
"
Chapati Hindustani Gamer
    ","8,340,000",Gaming,"3,742,705,229","1,688",2017,298
"
CURIO
    ","5,930,000",,"3,727,302,803",221,2021,299
"
Mad 4 Music
    ","7,790,000",Music,"3,713,859,393","3,056",2011,300
"
Emiway Bantai
    ","20,800,000",Music,"3,693,353,462",246,2013,301
"
Fine Digital Haryanvi
    ","6,830,000",,"3,692,408,561","2,628",2018,302
"
Sonam Prajapati
    ","8,320,000",Entertainment,"3,685,296,258","1,835",2014,303
"
Navbharat Times à¤¨à¤µà¤­à¤¾à¤°à¤¤ à¤à¤¾à¤à¤®à¥à¤¸
    ","9,090,000",News & Politics,"3,677,539,580","73,310",2014,304
"
SureshProductions
    ","6,500,000",Entertainment,"3,641,118,753","6,520",2009,305
"
Payal Panchal
    ","9,980,000",Comedy,"3,635,120,525",325,2019,306
"
shagun style
    ","7,620,000",People & Blogs,"3,633,466,016",642,2018,307
"
We r Loser
    ","5,090,000",Comedy,"3,628,253,877",694,2020,308
"
Mathrubhumi News
    ","4,140,000",News & Politics,"3,614,047,191","169,012",2013,309
"
90's Gaane
    ","8,090,000",Music,"3,607,538,196",627,2019,310
"
Crime Tak
    ","8,380,000",News & Politics,"3,601,236,960","21,759",2018,311
"
Triggered Insaan
    ","20,700,000",Comedy,"3,599,224,164",314,2014,312
"
Muzik247
    ","5,830,000",Music,"3,586,433,274","2,620",2014,313
"
Geetha Arts 
    ","6,110,000",Entertainment,"3,575,878,171","4,439",2008,314
"
Mr Gyani Facts
    ","5,920,000",,"3,573,574,292",452,2020,315
"
BakLol Video
    ","11,600,000",Entertainment,"3,572,380,909",334,2016,316
"
Mridul Madhok
    ","8,430,000",Education,"3,554,170,359","3,140",2010,317
"
Nav Haryanvi
    ","9,650,000",Music,"3,538,360,005",795,2017,318
"
Anaysa
    ","13,500,000",Howto & Style,"3,529,113,685",643,2012,319
"
Technical Guruji
    ","23,300,000",Science & Technology,"3,511,878,665","5,212",2015,320
"
The Live Tv
    ","7,230,000",News & Politics,"3,490,413,903","11,516",2018,321
"
CarryMinati
    ","40,600,000",Comedy,"3,489,497,404",189,2014,322
"
REHKAN OFFICIAL
    ","6,060,000",People & Blogs,"3,486,700,122","1,245",2018,323
"
Kia India
    ","428,000",,"3,440,340,439",522,2017,324
"
foodies aao
    ","5,060,000",People & Blogs,"3,436,280,556",934,2020,325
"
Saregama Tamil
    ","6,600,000",Music,"3,418,217,244","7,775",2012,326
"
Ambey Bhakti
    ","10,800,000",Music,"3,407,331,055","5,949",2013,327
"
Pen Multiplex
    ","11,800,000",Film & Animation,"3,405,067,813","2,858",2015,328
"
Amazon India
    ","1,540,000",Entertainment,"3,404,855,381","1,555",2013,329
"
Angle Music Official Channel
    ","8,890,000",Entertainment,"3,393,349,987","13,986",2014,330
"
Ur SmartMaker Shorts
    ","8,060,000",People & Blogs,"3,386,557,259",169,2018,331
"
Shemaroo TV
    ","7,350,000",People & Blogs,"3,377,018,096","8,712",2020,332
"
Wunderbar Films
    ","5,850,000",Film & Animation,"3,366,325,854",710,2014,333
"
MS KOMAL
    ","9,180,000",People & Blogs,"3,349,776,358",502,2022,334
"
TIMES NOW Navbharat
    ","7,250,000",News & Politics,"3,349,438,036","78,730",2021,335
"
tiyaa_ningwal_official
    ","10,400,000",Entertainment,"3,341,004,837",579,2016,336
"
Wow Kidz Comedy
    ","9,440,000",Film & Animation,"3,330,844,994","2,479",2017,337
"
Ayush Yadav
    ","5,820,000",Entertainment,"3,324,330,611",660,2014,338
"
IR GAMES
    ","7,420,000",Gaming,"3,314,606,938","1,765",2017,339
"
rjkarishma
    ","6,120,000",People & Blogs,"3,313,690,858",232,2013,340
"
National Dastak
    ","8,640,000",News & Politics,"3,312,028,436","39,958",2015,341
"
Awadhesh Premi Official
    ","8,520,000",,"3,307,188,638","1,463",2018,342
"
Funcho Shorts
    ","5,610,000",People & Blogs,"3,301,916,519",350,2021,343
"
Frostbite Gaming
    ","5,200,000",,"3,301,733,975","2,028",2014,344
"
Colors Kannada
    ","3,900,000",Entertainment,"3,291,064,634","83,906",2010,345
"
RDC Rajasthani
    ","8,000,000",Music,"3,274,303,820","13,915",2013,346
"
Sadiq Ahmed Vines
    ","9,410,000",Entertainment,"3,266,616,786",550,2022,347
"
Maneesh Vishnu
    ","4,270,000",People & Blogs,"3,260,398,029",755,2020,348
"
Scary Teacher 3D Gaming
    ","5,570,000",Gaming,"3,258,764,197",574,2018,349
"
Eskay Movies
    ","6,110,000",Film & Animation,"3,254,254,950","3,184",2016,350
"
Round2hell
    ","31,500,000",Comedy,"3,232,814,105",67,2016,351
"
RK Rajani Kaushal
    ","3,970,000",Entertainment,"3,227,370,326","8,939",2018,352
"
Sports Tak
    ","6,980,000",Sports,"3,218,909,714","34,255",2017,353
"
Mythpat
    ","14,200,000",Entertainment,"3,206,248,766",380,2018,354
"
NewsFirst Kannada
    ","3,070,000",News & Politics,"3,202,544,120","111,839",2018,355
"
Humble Music
    ","8,650,000",Music,"3,195,546,918",615,2017,356
"
Salonayyy
    ","5,780,000",Comedy,"3,192,894,801",689,2019,357
"
COMMANDO ACADEMY PHYSICAL
    ","4,610,000",Sports,"3,172,136,161","2,876",2021,358
"
King of Cubers
    ","11,900,000",Howto & Style,"3,169,922,456",368,2019,359
"
Himesh Reshammiya Melodies
    ","8,360,000",Music,"3,157,399,798",324,2020,360
"
DEV Ke Facts
    ","15,400,000",,"3,136,696,123",316,2012,361
"
Tech FC Shorts
    ","6,280,000",Science & Technology,"3,132,946,276",400,2018,362
"
10TV News Telugu
    ","3,780,000",News & Politics,"3,116,816,929","201,806",2013,363
"
Wait For It
    ","5,820,000",Entertainment,"3,114,784,126",364,2022,364
"
Khesari Music World
    ","8,980,000",Music,"3,112,523,110",682,2017,365
"
Sonotek Punjabi
    ","8,450,000",People & Blogs,"3,112,037,177","1,608",2017,366
"
Being Suku
    ","4,790,000",Entertainment,"3,110,888,066",450,2020,367
"
HD Songs Bollywood
    ","9,810,000",Music,"3,109,167,524",709,2015,368
"
Gaane Naye Purane
    ","7,900,000",Music,"3,108,705,037","2,710",2013,369
"
sonu.indoriii
    ","8,150,000",Comedy,"3,104,872,776",531,2013,370
"
Aniruddhacharya ji
    ","12,500,000",,"3,072,383,196","6,122",2017,371
"
wifistudy by Unacademy
    ","15,900,000",Education,"3,061,976,159","53,387",2014,372
"
Zee Music South
    ","5,750,000",Music,"3,060,175,218","1,522",2015,373
"
News18 Punjab/Haryana/Himachal
    ","5,450,000",People & Blogs,"3,047,852,470","157,894",2015,374
"
BabyBus - à¤¬à¤à¥à¤à¥à¤ à¤à¥ à¤à¥à¤¤&à¤à¤¾à¤°à¥à¤à¥à¤¨ à¤à¤¨à¥à¤®à¥à¤¶à¤¨
    ","6,910,000",Education,"3,047,664,322",551,2020,375
"
NishaMadhulika
    ","13,900,000",Howto & Style,"3,031,534,146","2,195",2009,376
"
Eros Now Movies Preview
    ","6,750,000",Entertainment,"3,031,460,615","1,734",2012,377
"
Super Se Uper Vlogs
    ","2,530,000",People & Blogs,"3,029,502,581","10,920",2022,378
"
Pramod`s Life
    ","6,680,000",Autos & Vehicles,"3,024,107,893",350,2015,379
"
Lakhneet Vlogs
    ","5,940,000",People & Blogs,"3,012,420,717","1,963",2020,380
"
Disney India
    ","5,640,000",Shows,"3,011,445,826","2,564",2010,381
"
Kiran Family Official
    ","3,240,000",Entertainment,"3,002,467,742","3,380",2022,382
"
Kuldeep Singhania Shorts
    ","7,410,000",People & Blogs,"3,001,333,554",880,2021,383
"
Kabita's Kitchen
    ","13,500,000",Howto & Style,"2,998,610,494","1,608",2014,384
"
Ankush Raja Official
    ","7,630,000",Music,"2,973,589,878",129,2018,385
"
Green Gold Kids
    ","7,180,000",Film & Animation,"2,964,633,174","1,473",2015,386
"
Sanjivani Music
    ","6,720,000",Music,"2,963,732,197","17,148",2011,387
"
Sanjot Nagi
    ","6,510,000",People & Blogs,"2,962,477,498","1,012",2013,388
"
ZHC
    ","26,100,000",Film & Animation,"2,952,987,558",321,2013,389
"
Shemaroo Bhakti
    ","11,500,000",Entertainment,"2,942,494,782","4,487",2009,390
"
India Today
    ","7,990,000",News & Politics,"2,939,157,565","161,973",2015,391
"
AS Gaming
    ","20,000,000",Gaming,"2,930,099,369","1,364",2016,392
"
Live Hindustan
    ","6,730,000",News & Politics,"2,929,804,637","56,919",2015,393
"
Megha Chaube Shorts
    ","5,610,000",People & Blogs,"2,920,616,579",682,2020,394
"
Filmy Duniya
    ","10,400,000",Entertainment,"2,916,573,435","2,022",2019,395
"
With Love Nagaraj Sangeetha
    ","4,820,000",People & Blogs,"2,916,517,006",736,2013,396
"
Colors
    ","3,690,000",Entertainment,"2,915,165,405","11,650",2015,397
"
Neha Sahani
    ","10,800,000",Entertainment,"2,911,105,355",817,2018,398
"
Chattambees
    ","3,860,000",Comedy,"2,911,050,596",625,2020,399
"
Al Jasar Siddiqui
    ","7,580,000",Entertainment,"2,908,916,896","1,301",2017,400
"
Mohak Meet
    ","7,770,000",Comedy,"2,898,037,653","1,004",2012,401
"
WooHoo India
    ","5,800,000",,"2,883,166,157","1,110",2019,402
"
Anil Kumar Masani
    ","4,530,000",People & Blogs,"2,882,404,939",496,2013,403
"
Kaumudy
    ","4,900,000",Entertainment,"2,874,342,138","64,669",2011,404
"
Kunal monu
    ","7,520,000",Entertainment,"2,871,132,192","1,572",2018,405
"
Raghav Digital
    ","7,140,000",Music,"2,862,187,297",106,2017,406
"
ABP Ganga
    ","4,950,000",News & Politics,"2,859,108,295","146,880",2019,407
"
realme India
    ","3,720,000",Science & Technology,"2,858,663,962",940,2018,408
"
Dil Raju
    ","5,020,000",Film & Animation,"2,849,630,183","2,169",2007,409
"
Surinder  Films
    ","5,150,000",Music,"2,831,439,146","1,081",2014,410
"
Little Talks
    ","3,280,000",Entertainment,"2,829,680,996","21,252",2018,411
"
Voice of Heart Music
    ","7,000,000",Music,"2,824,666,847","1,127",2015,412
"
Switch
    ","7,690,000",News & Politics,"2,823,790,548","87,809",2015,413
"
Earth fact in à¤¹à¤¿à¤¨à¥à¤¦à¥
    ","3,900,000",Education,"2,818,418,624",494,2021,414
"
Zoya Sheikh
    ","10,000,000",People & Blogs,"2,814,517,490",465,2018,415
"
RSMSA
    ","4,050,000",Education,"2,781,811,016",566,2019,416
"
Sp Aditya
    ","9,380,000",,"2,778,117,113",667,2022,417
"
Bob The Train - Nursery Rhymes & Cartoons for Kids
    ","5,730,000",People & Blogs,"2,766,879,151","1,084",2015,418
"
Bollywood Chronicle
    ","3,150,000",Entertainment,"2,760,590,037","25,597",2017,419
"
bhura_turkish_755
    ","5,880,000",Music,"2,756,520,537",754,2019,420
"
Aamchi Mumbai
    ","4,040,000",People & Blogs,"2,754,145,760","1,120",2015,421
"
Utkarsh Classes
    ","12,200,000",Education,"2,746,179,800","10,200",2012,422
"
Oye Indori - Ab Hasega India
    ","7,810,000",Entertainment,"2,743,308,457",254,2017,423
"
Anand Mandal Shorts
    ","7,000,000",,"2,741,247,072",739,2021,424
"
Goldmines Cineplex
    ","23,500,000",Film & Animation,"2,737,614,779","3,722",2015,425
"
Oru Al Mallu Family
    ","2,940,000",People & Blogs,"2,727,062,795",859,2021,426
"
Bollywood Spy
    ","6,020,000",Entertainment,"2,726,624,385","73,522",2016,427
"
Bharat Tak
    ","6,320,000",People & Blogs,"2,722,223,513","30,757",2017,428
"
Canal IN
    ","16,100,000",People & Blogs,"2,720,168,295",722,2017,429
"
Jahaann
    ","4,560,000",Entertainment,"2,718,636,751",730,2017,430
"
Telly Reporter
    ","4,420,000",Entertainment,"2,717,001,925","44,832",2016,431
"
Hindi stories
    ","8,880,000",Education,"2,711,629,552",360,2011,432
"
Jagriti Pahwa
    ","4,700,000",Comedy,"2,710,748,884",404,2012,433
"
Supertone Digital
    ","9,880,000",Music,"2,699,375,521","1,930",2013,434
"
Tonde Gamer
    ","11,300,000",Gaming,"2,698,863,831","2,422",2019,435
"
Murliwale Hausla
    ","8,940,000",,"2,697,779,146",707,2019,436
"
Professor Of How
    ","9,760,000",Film & Animation,"2,696,889,130",207,2017,437
"
Mukul Sona MS
    ","4,810,000",Entertainment,"2,694,089,669",899,2017,438
"
White Hill Dhaakad
    ","6,050,000",Music,"2,692,182,520","1,486",2019,439
"
Pavan Ramyaâ¤ï¸
    ","3,040,000",People & Blogs,"2,666,377,935",443,2020,440
"
SHAIKH KHUSHI
    ","4,470,000",,"2,661,678,583","5,209",2016,441
"
Saregama Bengali
    ","6,550,000",Music,"2,656,642,170","7,399",2011,442
"
Home Bollywud
    ","6,160,000",Entertainment,"2,654,824,999","7,415",2018,443
"
The Formal Edit
    ","5,320,000",Howto & Style,"2,653,758,507",864,2017,444
"
Wamindia Movies
    ","11,500,000",Film & Animation,"2,652,296,363",593,2012,445
"
Kids Planet
    ","4,640,000",Education,"2,650,772,755",541,2014,446
"
Shahid paneer
    ","6,400,000",Comedy,"2,650,491,454",501,2022,447
"
Miss Matured
    ","3,280,000",,"2,639,023,138",530,2021,448
"
Vivekanand Tiwari The Traffic cop
    ","5,980,000",Education,"2,636,688,704",895,2021,449
"
Headlines India
    ","8,110,000",News & Politics,"2,628,771,893","12,194",2016,450
"
Golden unique boy
    ","7,310,000",Entertainment,"2,619,105,943",590,2016,451
"
Rimorav Vlogs
    ","6,740,000",Entertainment,"2,610,467,508",517,2017,452
"
Sakshi TV
    ","3,320,000",News & Politics,"2,598,760,081","211,718",2014,453
"
Aditya Music Telugu
    ","5,500,000",Music,"2,597,913,445","2,544",2014,454
"
Viralbollywood
    ","5,660,000",Entertainment,"2,596,462,985","35,393",2014,455
"
Aaj Tak HD
    ","6,580,000",News & Politics,"2,590,627,951","88,078",2018,456
"
Sanam
    ","11,000,000",Music,"2,574,814,180",148,2012,457
"
RCM Bhojpuri Hit
    ","9,200,000",Film & Animation,"2,570,195,884","9,833",2016,458
"
Bhakti Dhara
    ","10,000,000",Music,"2,568,960,763","5,670",2011,459
"
TeAm STARS
    ","5,510,000",Entertainment,"2,567,826,421",476,2020,460
"
FirstCry TV
    ","109,000",,"2,553,996,430","2,800",2019,461
"
Star Studios
    ","6,110,000",Entertainment,"2,544,441,501",933,2014,462
"
RKworld
    ","3,990,000",Comedy,"2,544,311,525",353,2020,463
"
ABC - All Babies Channel
    ","5,870,000",Education,"2,542,619,386","1,061",2014,464
"
Studio Saraswati Official
    ","7,450,000",Music,"2,541,045,280","2,123",2014,465
"
Anandi Official
    ","1,880,000",Entertainment,"2,540,855,888","5,991",2022,466
"
Shruti Arjun Anand
    ","10,200,000",Howto & Style,"2,538,551,022",860,2010,467
"
MrMiko 2.0
    ","6,490,000",People & Blogs,"2,526,574,240",178,2022,468
"
Mirza fact
    ","8,500,000",,"2,523,111,359",958,2021,469
"
Pulkit shukla TD
    ","7,670,000",People & Blogs,"2,521,567,499",697,2015,470
"
Meeth _Miri
    ","3,050,000",Comedy,"2,520,826,658",999,2009,471
"
 Star Suvarna
    ","2,260,000",Entertainment,"2,512,988,616","55,258",2006,472
"
Star Sports
    ","6,570,000",Sports,"2,499,083,009","16,845",2006,473
"
Rajshri Marathi
    ","4,640,000",Music,"2,489,365,290","19,142",2009,474
"
JioCinema
    ","4,890,000",Sports,"2,488,384,262","7,804",2016,475
"
Rojukoka Kadha
    ","3,980,000",,"2,488,104,360",479,2014,476
"
Shemaroo Gujarati
    ","5,120,000",Entertainment,"2,484,879,645","7,471",2009,477
"
Bollywood Premium
    ","9,060,000",Entertainment,"2,482,079,233",810,2020,478
"
Mango Music
    ","7,430,000",Music,"2,480,891,989","6,943",2006,479
"
iDream Media
    ","4,880,000",Entertainment,"2,477,598,327","73,625",2013,480
"
Cadbury 5 Star India
    ","408,000",Entertainment,"2,477,468,609",227,2011,481
"
Toy Stars
    ","6,960,000",People & Blogs,"2,475,127,410",440,2017,482
"
Magnet Brains
    ","10,600,000",,"2,467,236,017","44,236",2016,483
"
VK News
    ","5,900,000",News & Politics,"2,452,810,840","38,462",2016,484
"
Cartoon Network India
    ","3,560,000",Film & Animation,"2,446,333,081","2,194",2009,485
"
Animal Aid Unlimited, India
    ","7,420,000",,"2,445,329,127",457,2008,486
"
Trakin Tech
    ","13,800,000",Science & Technology,"2,439,380,536","3,753",2011,487
"
bharatzkitchen HINDI
    ","12,700,000",Howto & Style,"2,437,448,229",758,2016,488
"
Sid Akki
    ","3,630,000",Entertainment,"2,434,867,175",566,2016,489
"
Dainik Jagran - à¤¦à¥à¤¨à¤¿à¤ à¤à¤¾à¤à¤°à¤£
    ","6,210,000",News & Politics,"2,431,001,129","53,446",2014,490
"
Ankit Porwal
    ","3,170,000",Education,"2,430,588,605","1,709",2011,491
"
Sony YAY!
    ","5,200,000",Entertainment,"2,428,622,503","1,325",2016,492
"
NDJ MUSIC
    ","6,670,000",Entertainment,"2,424,033,522","7,730",2014,493
"
Angel Bengali Songs
    ","3,850,000",Music,"2,419,330,093","7,579",2006,494
"
Gadgets Cool Home
    ","5,310,000",,"2,416,222,686","3,980",2021,495
"
Wanderers Hub
    ","8,030,000",People & Blogs,"2,414,969,525",346,2016,496
"
API Malayalam Movies
    ","4,050,000",People & Blogs,"2,409,955,917","12,769",2011,497
"
Struggle Jeet
    ","1,980,000",Sports,"2,409,575,379","5,070",2020,498
"
Yashi Films
    ","7,190,000",Music,"2,405,527,084","1,874",2018,499
"
DLS News
    ","19,700,000",News & Politics,"2,398,949,545","5,093",2017,500
"
Rajat shorts !!
    ","7,000,000",Entertainment,"2,398,597,381",634,2017,501
"
Sandeep Maheshwari
    ","28,100,000",People & Blogs,"2,392,950,671",630,2012,502
"
Ashish Bisht
    ","3,210,000",Entertainment,"2,385,915,729",932,2009,503
"
Cook With Parul
    ","8,640,000",Howto & Style,"2,385,203,414","2,112",2017,504
"
Multi DO Hindi
    ","5,500,000",,"2,378,565,265",447,2020,505
"
Tiya & Advik Chathamkulam NimishaRajeesh Vlogs
    ","2,880,000",People & Blogs,"2,366,095,164","1,369",2018,506
"
TOY FACTORY
    ","5,720,000",Education,"2,361,343,093",698,2014,507
"
vivek_veena
    ","2,400,000",Entertainment,"2,359,437,239","1,133",2017,508
"
Pramod Premi Entertainment
    ","5,200,000",,"2,355,268,998",236,2018,509
"
Filipino Fairy Tales
    ","5,180,000",Film & Animation,"2,353,405,078",640,2016,510
"
Gyan Gamingã¤
    ","14,900,000",Gaming,"2,352,380,757","3,393",2017,511
"
Live Insaan
    ","11,100,000",Gaming,"2,347,245,753",454,2017,512
"
Ark
    ","6,330,000",,"2,344,860,972",414,2022,513
"
Desi Records
    ","6,520,000",Music,"2,341,899,201",24,2016,514
"
Agnit Shorts
    ","4,510,000",Entertainment,"2,321,744,248",181,2022,515
"
Studio Sangeeta
    ","6,220,000",Comedy,"2,310,875,019","4,212",2013,516
"
Loku
    ","2,780,000",Music,"2,310,844,477","1,923",2016,517
"
Shani Vishwakarma
    ","5,940,000",People & Blogs,"2,306,590,974",460,2022,518
"
FactTechz
    ","17,600,000",Entertainment,"2,305,561,337",757,2016,519
"
Allari Aarathi
    ","3,910,000",Entertainment,"2,304,720,025",446,2020,520
"
Instant Bollywood
    ","2,860,000",Entertainment,"2,301,631,352","7,086",2020,521
"
Viral Bhayani
    ","5,660,000",Entertainment,"2,300,161,998","17,930",2007,522
"
Harika Panda
    ","1,650,000",Entertainment,"2,298,662,647","1,955",2016,523
"
Khandesh Fun
    ","7,590,000",Comedy,"2,296,186,282",232,2016,524
"
Roshanjamhir5star
    ","5,200,000",Entertainment,"2,287,692,045",808,2021,525
"
JK YADAV FILMS ð· MAITHILI
    ","3,840,000",,"2,282,852,213","6,836",2017,526
"
Aryan Black
    ","6,550,000",People & Blogs,"2,280,719,552",519,2022,527
"
Behindwoods Air 
    ","5,190,000",News & Politics,"2,273,521,248","54,581",2018,528
"
Big Animation
    ","5,350,000",Film & Animation,"2,268,800,245",648,2009,529
"
Samar Singh Official
    ","5,790,000",,"2,268,574,825",415,2018,530
"
World Affairs by Unacademy
    ","3,620,000",,"2,267,667,745","3,753",2020,531
"
Amazing Facts
    ","2,580,000",,"2,259,659,068","12,767",2021,532
"
English Connection
    ","13,100,000",Education,"2,256,552,014","1,321",2015,533
"
TWO SIDE GAMERS
    ","12,300,000",Music,"2,256,426,548","2,063",2018,534
"
BIG Magic
    ","4,300,000",Entertainment,"2,250,447,245","14,486",2013,535
"
Desi Gamers
    ","14,100,000",Gaming,"2,239,006,961","1,376",2015,536
"
Physics Wallah - Alakh Pandey
    ","11,300,000",Education,"2,238,294,908","1,524",2014,537
"
DBeatsMusicWorld
    ","3,950,000",Entertainment,"2,237,240,736","1,128",2013,538
"
NITIN FREE FIRE
    ","13,100,000",Gaming,"2,237,197,772",810,2019,539
"
Republic World
    ","5,830,000",People & Blogs,"2,236,819,606","105,423",2017,540
"
Neha Kakkar
    ","14,300,000",Music,"2,229,838,693",160,2012,541
"
Lidiya Francis
    ","2,840,000",People & Blogs,"2,227,963,755","1,362",2020,542
"
SPEED RECORDS BHOJPURI
    ","6,400,000",Music,"2,227,114,480","2,904",2018,543
"
Raksha ki Rasoi
    ","7,840,000",People & Blogs,"2,218,650,059","2,381",2018,544
"
RKR vines
    ","8,750,000",Entertainment,"2,214,297,191",514,2017,545
"
Live Cities Media Private Limited
    ","5,590,000",News & Politics,"2,213,782,706","74,381",2016,546
"
Jhankar Music
    ","4,520,000",Entertainment,"2,209,905,185","4,853",2010,547
"
Make Joke Of
    ","12,400,000",Comedy,"2,209,509,739",65,2017,548
"
Badshah
    ","7,240,000",Music,"2,208,835,022",172,2014,549
"
Cinekorn Movies
    ","8,520,000",Film & Animation,"2,207,183,268",630,2011,550
"
Aam Aadmi Party
    ","5,010,000",News & Politics,"2,203,669,049","9,365",2011,551
"
Fully Faltoo
    ","3,660,000",Entertainment,"2,203,185,527","10,891",2007,552
"
Harsha Sai - For You Hindi
    ","12,100,000",Entertainment,"2,199,482,764",96,2021,553
"
Khan GS Research Centre
    ","22,000,000",Education,"2,189,208,755",366,2019,554
"
Sambhavna Seth Entertainment
    ","3,550,000",Entertainment,"2,188,910,504","1,797",2014,555
"
Akhil Nrd
    ","3,260,000",People & Blogs,"2,183,151,469","1,650",2015,556
"
Vishwamitra Kingrani
    ","8,550,000",Entertainment,"2,179,085,246",775,2020,557
"
Dream Stories TV
    ","6,930,000",Film & Animation,"2,176,038,830",285,2017,558
"
Achyutha saddikuti
    ","3,080,000",People & Blogs,"2,175,268,363",521,2022,559
"
Hansraj Raghuwanshi
    ","11,300,000",Music,"2,174,215,736",101,2016,560
"
Saawariya
    ","5,030,000",Music,"2,162,941,802","4,005",2014,561
"
DB Live
    ","4,180,000",News & Politics,"2,162,190,845","63,455",2016,562
"
Sagar's Kitchen
    ","7,290,000",Howto & Style,"2,161,969,212",497,2021,563
"
Ultra Cinema
    ","7,210,000",Entertainment,"2,161,009,787","3,327",2013,564
"
NewsGlitz Tamil
    ","4,790,000",News & Politics,"2,158,466,196","21,095",2014,565
"
Farmees PortuguÃªs - canÃ§Ã£o infantil e animaÃ§Ã£o
    ","5,800,000",People & Blogs,"2,156,184,999","1,226",2016,566
"
Cinema Vikatan
    ","4,350,000",Entertainment,"2,146,593,473","9,651",2010,567
"
Hindi Countdown
    ","10,200,000",Education,"2,143,597,489",412,2016,568
"
The World Adventures à¤¹à¤¿à¤¨à¥à¤¦à¥
    ","13,300,000",People & Blogs,"2,143,492,670","1,085",2016,569
"
Goldmines Premiere
    ","14,200,000",Entertainment,"2,137,040,792","1,131",2013,570
"
Amar Ujala
    ","5,770,000",News & Politics,"2,136,315,336","76,410",2011,571
"
FOODY VISHAL
    ","3,410,000",People & Blogs,"2,133,302,158","1,117",2016,572
"
Sun NXT
    ","4,660,000",Entertainment,"2,132,270,055","6,476",2017,573
"
Movies Insight Hindi
    ","5,530,000",Entertainment,"2,124,171,913","1,303",2020,574
"
RDC Rajasthani HD
    ","5,660,000",Music,"2,113,497,113","6,012",2014,575
"
Mythri Movie Makers
    ","4,180,000",Entertainment,"2,113,026,595","1,482",2015,576
"
Mintuaa
    ","2,220,000",,"2,101,724,235","1,129",2014,577
"
Natkhat TV Hindi Tales & Rhymes
    ","5,580,000",Film & Animation,"2,095,595,431",726,2016,578
"
Saam TV News
    ","3,320,000",News & Politics,"2,095,357,101","146,361",2009,579
"
Rang TV
    ","2,130,000",Entertainment,"2,095,200,123","25,129",2016,580
"
Wake'N'Bite
    ","4,490,000",,"2,092,633,456","1,301",2017,581
"
Shemaroo Bhakti Darshan
    ","5,330,000",Entertainment,"2,090,457,730","6,806",2011,582
"
Kalinga TV
    ","3,030,000",News & Politics,"2,088,324,742","197,566",2015,583
"
OnePlus India
    ","4,620,000",Science & Technology,"2,087,660,195",638,2016,584
"
Slayy Point
    ","8,170,000",Entertainment,"2,086,640,918",165,2016,585
"
News18 UP Uttarakhand
    ","5,510,000",News & Politics,"2,082,247,046","136,840",2010,586
"
Filmistaan
    ","7,900,000",Film & Animation,"2,076,985,685",135,2016,587
"
Mohak Narang
    ","4,550,000",Education,"2,074,950,859",391,2016,588
"
Behindwoods O2
    ","2,810,000",Film & Animation,"2,071,974,444","9,288",2021,589
"
Vision Time Tamil
    ","3,200,000",Shows,"2,059,476,620","11,639",2013,590
"
TechBurner Shorts
    ","5,330,000",Science & Technology,"2,059,036,797",421,2021,591
"
Mana Stars
    ","2,670,000",Entertainment,"2,058,848,241","23,497",2018,592
"
Dhruv Rathee
    ","13,700,000",Entertainment,"2,056,640,277",582,2013,593
"
SoSorry
    ","5,260,000",Comedy,"2,055,516,195","1,246",2013,594
"
Micky Makeover
    ","2,940,000",Comedy,"2,054,768,215",923,2016,595
"
 Knowledge Tv à¤¹à¤¿à¤¨à¥à¤¦à¥
    ","13,300,000",People & Blogs,"2,054,026,540","3,354",2014,596
"
Prashant Sharma Entertainment
    ","10,000,000",People & Blogs,"2,052,172,437",522,2016,597
"
Harshit Dongre
    ","8,090,000",Gaming,"2,045,609,300",277,2018,598
"
L I S A creation
    ","4,110,000",,"2,043,476,717",803,2019,599
"
B4U Bhojpuri
    ","4,820,000",Film & Animation,"2,040,571,574","1,576",2017,600
"
mr_shadab _72
    ","4,280,000",Education,"2,039,428,683",787,2019,601
"
Colgate India
    ","1,190,000",People & Blogs,"2,031,114,157","1,343",2012,602
"
KSHITIJ DHOLAKIA
    ","4,750,000",People & Blogs,"2,020,155,465",654,2016,603
"
TARANG MUSIC
    ","5,390,000",Music,"2,018,500,094","4,297",2012,604
"
Behindwoods Max
    ","1,560,000",Film & Animation,"2,018,039,934","23,263",2019,605
"
BeastBoyShub
    ","6,120,000",Gaming,"2,014,497,383","1,436",2015,606
"
Shemaroo Movie in Parts
    ","5,560,000",Entertainment,"2,012,635,820","7,238",2014,607
"
FilmiBeat
    ","4,970,000",Entertainment,"2,006,122,283","76,840",2015,608
"
Lena Slime
    ","6,410,000",People & Blogs,"2,001,127,612","1,247",2018,609
"
Colors Tamil
    ","3,450,000",Entertainment,"1,996,941,571","39,649",2018,610
"
Fact Danish
    ","6,630,000",,"1,996,206,016",751,2021,611
"
Amazon miniTV
    ","1,390,000",Entertainment,"1,992,191,721","5,860",2021,612
"
Ekta Sound
    ","4,740,000",Music,"1,991,288,388","2,014",2014,613
"
Star Music India
    ","3,080,000",Music,"1,988,729,776",974,2013,614
"
Kiddiestv Bangla
    ","4,990,000",Education,"1,988,538,251",143,2017,615
"
à¤à¤à¤¾à¤°à¥à¤¯ à¤ªà¥à¤°à¤¶à¤¾à¤¨à¥à¤¤ - Acharya Prashant
    ","21,700,000",,"1,984,108,709","8,858",2014,616
"
Adventures of Kicko & Super Speedo
    ","4,780,000",,"1,983,450,737",387,2019,617
"
Wildlife Adventure In à¤¹à¤¿à¤¨à¥à¤¦à¥
    ","6,040,000",,"1,978,256,096",387,2020,618
"
G M Dance Centre
    ","5,800,000",Entertainment,"1,973,587,556",253,2015,619
"
Pihoozz
    ","4,000,000",,"1,968,307,414",440,2019,620
"
Riddhi Music World.
    ","5,090,000",Music,"1,967,481,188",270,2018,621
"
Iconic fun
    ","2,790,000",,"1,966,842,676","2,756",2020,622
"
Crown Records
    ","5,540,000",Music,"1,965,552,614",231,2015,623
"
Asian Paints
    ","1,140,000",Howto & Style,"1,963,005,162","1,972",2011,624
"
LOKMAT
    ","2,790,000",News & Politics,"1,962,788,682","34,074",2011,625
"
Gulzaar Chhaniwala
    ","8,240,000",Music,"1,960,204,687",89,2018,626
"
Funyaasi
    ","3,730,000",Entertainment,"1,958,336,437",380,2021,627
"
Arun Karthick
    ","3,620,000",Entertainment,"1,958,006,663",817,2020,628
"
à¤­à¤à¤¨ à¤à¥à¤°à¥à¤¤à¤¨ à¤¸à¥à¤¨à¥à¤à¥à¤
    ","6,340,000",People & Blogs,"1,957,714,922","5,249",2016,629
"
Filmy Hunt
    ","1,900,000",Music,"1,954,809,305","4,332",2022,630
"
SPN9NEWS à¤¸à¤¾à¤®à¤¾à¤à¤¿à¤ à¤à¤à¤¨à¤¾
    ","4,930,000",News & Politics,"1,954,770,731","90,545",2017,631
"
Zeeshan Pasha
    ","6,920,000",People & Blogs,"1,951,919,683",804,2021,632
"
Manoj Saru
    ","7,750,000",People & Blogs,"1,948,011,220",285,2018,633
"
à®à¯à®²à¯à®²à®®à¯ à®à¯à®²à¯à®²à®®à¯ Chellame Chellam!!
    ","3,390,000",Education,"1,942,741,695",630,2012,634
"
Bhakti Sagar AR Entertainments
    ","5,150,000",People & Blogs,"1,939,948,613","3,180",2015,635
"
Malik Vlogs
    ","4,530,000",People & Blogs,"1,938,838,579","1,237",2020,636
"
bhukkad dilli ke
    ","1,840,000",People & Blogs,"1,937,995,803",812,2014,637
"
Rithvin20
    ","1,620,000",People & Blogs,"1,934,363,374","1,006",2022,638
"
24 News
    ","4,600,000",Entertainment,"1,923,957,419","166,317",2015,639
"
Charan Spy
    ","2,890,000",Entertainment,"1,923,591,679",653,2017,640
"
The Prince Yadav
    ","4,790,000",Entertainment,"1,922,782,254",130,2017,641
"
Neetesh Praliya
    ","4,180,000",Entertainment,"1,921,442,856",224,2016,642
"
asheeya
    ","1,370,000",Entertainment,"1,918,672,215","1,296",2019,643
"
Hetal's Art
    ","7,490,000",Howto & Style,"1,913,500,749","3,197",2011,644
"
à¤à¤®à¥ Saran
    ","3,660,000",People & Blogs,"1,911,159,921","1,204",2022,645
"
LIV Music
    ","4,380,000",,"1,909,493,342","3,618",2020,646
"
Rupa sah
    ","6,610,000",People & Blogs,"1,909,217,419","1,383",2020,647
"
Everest Marathi
    ","3,700,000",Entertainment,"1,909,200,605","1,480",2012,648
"
Behindwoods Ice
    ","2,530,000",Entertainment,"1,908,046,951","12,678",2019,649
"
Cute Life Shorts
    ","4,760,000",,"1,904,253,816",560,2021,650
"
Rengoni TV
    ","2,770,000",,"1,901,875,186","16,352",2013,651
"
diyafavas_official
    ","3,530,000",People & Blogs,"1,900,319,376",515,2016,652
"
cravingsandcalories vlogs
    ","2,630,000",Education,"1,899,058,971",841,2017,653
"
Garima's Good Life
    ","4,340,000",People & Blogs,"1,898,287,468",959,2018,654
"
Ram Audio
    ","4,510,000",Comedy,"1,895,277,899","2,646",2011,655
"
Upboyraj Comedy
    ","3,610,000",Comedy,"1,893,125,356",380,2018,656
"
BIHARIWOOD - à¤¬à¤¿à¤¹à¤¾à¤°à¥à¤µà¥à¤¡
    ","5,180,000",,"1,891,308,304","8,234",2015,657
"
News24 Sports
    ","3,160,000",People & Blogs,"1,887,335,712","22,690",2019,658
"
Pravallika_Richh akka
    ","2,810,000",Comedy,"1,877,741,507",547,2018,659
"
Tech Burner
    ","11,100,000",Science & Technology,"1,875,097,847","1,195",2014,660
"
Manish Jodhpuri
    ","4,280,000",Entertainment,"1,873,029,384",411,2018,661
"
Ujjal Dance Group
    ","7,740,000",Entertainment,"1,870,833,397",178,2014,662
"
AD-WISE MEDIA ACTION MOVIEPLEX
    ","11,000,000",Entertainment,"1,870,332,753",397,2014,663
"
YOYO TV Channel
    ","3,570,000",News & Politics,"1,867,942,311","124,182",2016,664
"
BR Chopra & Other TV Serials 
    ","5,140,000",Entertainment,"1,862,048,625","1,918",2018,665
"
Masti Tv - Hindi Stories
    ","7,070,000",Entertainment,"1,859,917,231",365,2019,666
"
RAJA RUBI
    ","2,400,000",Entertainment,"1,855,546,481",797,2016,667
"
NiharikaMovies
    ","3,600,000",Entertainment,"1,853,868,333","40,962",2014,668
"
IBC24
    ","4,680,000",News & Politics,"1,853,061,776","195,257",2015,669
"
Mumbai Tak
    ","3,040,000",News & Politics,"1,852,868,976","49,533",2017,670
"
Street Dog Pluto
    ","5,720,000",Entertainment,"1,848,246,758",779,2021,671
"
Nitesh Comedian143
    ","3,920,000",Comedy,"1,846,440,841",288,2021,672
"
Harpreet SDC Shorts
    ","2,700,000",People & Blogs,"1,845,606,613","1,389",2021,673
"
Harsh Beniwal
    ","15,600,000",Comedy,"1,842,760,625",166,2015,674
"
Lokmat Filmy
    ","2,060,000",Entertainment,"1,841,690,119","14,084",2016,675
"
Shorts With Raaz
    ","6,350,000",,"1,841,282,819","1,054",2022,676
"
Jugnu Kids - Bangla Nursery Rhymes & Baby Songs
    ","4,270,000",People & Blogs,"1,841,178,513",447,2017,677
"
khari pooja
    ","4,510,000",People & Blogs,"1,840,913,932",376,2022,678
"
PS TAMIL SONG
    ","3,200,000",Film & Animation,"1,840,209,149","4,095",2015,679
"
JP Choudhary 
    ","3,970,000",People & Blogs,"1,839,871,427",811,2016,680
"
Brut India
    ","2,830,000",News & Politics,"1,835,228,267","3,557",2019,681
"
Free Fire India Official
    ","13,000,000",People & Blogs,"1,832,038,681","1,582",2018,682
"
RajatBornstar
    ","2,290,000",Comedy,"1,831,535,605","1,243",2020,683
"
Incredible Alien
    ","3,290,000",Entertainment,"1,830,525,716",840,2020,684
"
SanskarTV
    ","9,120,000",,"1,829,519,997","15,392",2013,685
"
popi kitchen with village food
    ","5,160,000",,"1,828,235,378","1,035",2018,686
"
Dr. Vivek Bindra: Motivational Speaker
    ","21,300,000",Education,"1,826,277,362","1,045",2013,687
"
Juned Fitness
    ","3,520,000",Entertainment,"1,824,637,915","1,358",2014,688
"
Mirchi Murga
    ","6,050,000",Comedy,"1,824,319,805","1,450",2014,689
"
Earth 24
    ","2,730,000",,"1,822,349,220","3,657",2018,690
"
Premium Digiplex Movies
    ","8,150,000",Film & Animation,"1,820,063,202",246,2015,691
"
Telly Bytes - Tele News India
    ","4,190,000",Entertainment,"1,819,580,819","16,273",2012,692
"
Learn with Jaspal
    ","3,590,000",,"1,817,986,781",347,2021,693
"
Filmylooks
    ","2,130,000",Entertainment,"1,816,598,945","27,274",2016,694
"
D Jackson
    ","5,150,000",Entertainment,"1,816,209,440",689,2020,695
"
Spiritual Mantra
    ","9,160,000",Music,"1,815,732,427","1,756",2010,696
"
Aeon Pix Studios
    ","7,160,000",Film & Animation,"1,810,854,090","1,158",2013,697
"
Bollywood Hits
    ","5,190,000",People & Blogs,"1,808,705,173",539,2021,698
"
Movie Scenes - Angel Digital
    ","3,150,000",Film & Animation,"1,805,083,268","8,214",2016,699
"
News7 Tamil
    ","5,100,000",News & Politics,"1,804,981,025","137,044",2014,700
"
CAPITAL TV
    ","3,710,000",,"1,804,183,119","19,782",2019,701
"
News18 Tamil Nadu
    ","3,880,000",News & Politics,"1,798,386,718","163,890",2016,702
"
Pragati Verma
    ","6,310,000",Entertainment,"1,796,817,455",220,2018,703
"
Crazy Cherryboy
    ","2,750,000",Comedy,"1,794,089,994",569,2019,704
"
TV9 Bangla
    ","2,460,000",News & Politics,"1,793,643,201","74,999",2020,705
"
NRFM-VLOGS
    ","3,500,000",Entertainment,"1,790,993,227",807,2021,706
"
SRS Media Vision | Kannada Full Movies
    ","3,830,000",Movies,"1,790,087,802","1,169",2014,707
"
Marunadan Malayali
    ","2,160,000",News & Politics,"1,787,084,701","20,406",2018,708
"
NS Experiment
    ","4,050,000",Entertainment,"1,784,159,658",799,2019,709
"
Mahi Lakra Vlogs
    ","4,510,000",,"1,780,922,286",543,2021,710
"
Anaysa Shorts
    ","3,920,000",Entertainment,"1,780,204,379",844,2020,711
"
Eagle Home Entertainments
    ","10,700,000",Entertainment,"1,779,467,569","9,495",2015,712
"
Swami Ramdev
    ","10,100,000",,"1,778,457,777","7,904",2010,713
"
Planet Earth INDIA
    ","11,900,000",People & Blogs,"1,777,968,147",678,2011,714
"
TIMES NOW
    ","3,820,000",News & Politics,"1,776,040,532","93,841",2008,715
"
Bhojpuri Movies
    ","9,830,000",Movies,"1,774,779,091",359,2016,716
"
News18 Rajasthan
    ","5,140,000",News & Politics,"1,774,282,486","136,631",2011,717
"
Madan Gowri
    ","7,110,000",Entertainment,"1,770,058,142","2,441",2013,718
"
MostTechy Shorts
    ","3,350,000",People & Blogs,"1,769,532,029",442,2019,719
"
VATS RECORDS
    ","4,290,000",Music,"1,764,280,274",152,2019,720
"
Examà¤ªà¥à¤°
    ","11,100,000",Education,"1,763,079,027","65,622",2016,721
"
Hindi Kahaniya Funny Comedy Stories
    ","5,330,000",Entertainment,"1,759,951,584",431,2017,722
"
Wanderers Hub Shorts
    ","3,600,000",Entertainment,"1,759,519,764",754,2021,723
"
Indu's Kitchen
    ","2,400,000",People & Blogs,"1,759,129,914","1,333",2021,724
"
Meshwa Films
    ","4,690,000",Music,"1,755,913,103","1,314",2017,725
"
BANG Music
    ","4,940,000",Music,"1,752,810,068",87,2019,726
"
Always Arya
    ","3,020,000",Entertainment,"1,749,320,301",872,2017,727
"
Kapil Sharma
    ","8,670,000",Entertainment,"1,747,097,280",280,2017,728
"
Bhajan India
    ","8,710,000",Music,"1,747,036,536","4,186",2014,729
"
News18 Kannada
    ","3,050,000",News & Politics,"1,740,202,039","126,623",2017,730
"
Sharma Sisters
    ","3,060,000",People & Blogs,"1,740,076,462",571,2019,731
"
Lotus Music
    ","14,500,000",,"1,739,129,375",515,2021,732
"
Mini Foodkey
    ","3,340,000",Howto & Style,"1,734,719,300",114,2017,733
"
Science and fun
    ","5,750,000",Science & Technology,"1,727,627,785",471,2013,734
"
Hmm!
    ","2,430,000",Travel & Events,"1,726,300,895","1,585",2012,735
"
Bala Kirthi
    ","2,690,000",People & Blogs,"1,724,061,135",485,2012,736
"
Junglee Music Telugu
    ","4,230,000",Entertainment,"1,721,762,992","2,327",2012,737
"
Jigar Studio
    ","3,920,000",Music,"1,718,384,819",852,2012,738
"
Wow Kidz Indonesia
    ","3,420,000",Film & Animation,"1,714,356,055","2,041",2017,739
"
TV9 Telugu Digital
    ","1,690,000",News & Politics,"1,700,593,535","54,528",2017,740
"
Ssoftoons Animation
    ","5,470,000",Film & Animation,"1,698,786,315",367,2015,741
"
LOKESH GAMER
    ","15,500,000",Gaming,"1,698,000,756","1,513",2017,742
"
Mampi. Rahul
    ","2,240,000",Entertainment,"1,696,361,157","1,630",2015,743
"
journalist sai
    ","785,000",News & Politics,"1,695,470,842","87,900",2016,744
"
Rajlaxmi
    ","5,160,000",Music,"1,694,000,698",102,2017,745
"
Mankirat Aulakh
    ","4,940,000",Music,"1,690,372,106",234,2015,746
"
Its rahil Khan 05
    ","7,400,000",Film & Animation,"1,682,676,203",750,2018,747
"
SWAPNA TV
    ","2,930,000",,"1,674,684,404",349,2018,748
"
Velujazz official
    ","2,720,000",People & Blogs,"1,666,600,099",371,2012,749
"
Wonder Of Stories
    ","4,050,000",,"1,665,602,525",340,2019,750
"
Saregama Karaoke
    ","4,610,000",Music,"1,650,406,153","3,434",2008,751
"
Sijosh N Riya
    ","1,650,000",Entertainment,"1,649,330,507",283,2019,752
"
Hombale Films
    ","4,520,000",Entertainment,"1,648,582,866",793,2013,753
"
Sona Singh
    ","4,430,000",People & Blogs,"1,647,961,713",654,2022,754
"
Tips Punjabi
    ","3,450,000",Music,"1,646,883,281",893,2015,755
"
BiscootTV
    ","2,990,000",Entertainment,"1,646,274,184","32,751",2013,756
"
Karikku
    ","9,100,000",Comedy,"1,644,661,032",158,2016,757
"
Jeet Patil
    ","7,290,000",People & Blogs,"1,641,782,921",396,2021,758
"
Swad official
    ","2,250,000",People & Blogs,"1,640,680,293","1,547",2018,759
"
Next9TvNews à¤¸à¥à¤°à¤¿à¤¯à¤² à¤à¤ªà¤¡à¥à¤
    ","2,800,000",Entertainment,"1,635,484,976","113,498",2017,760
"
Royal Music Factory
    ","3,580,000",Music,"1,632,680,790","1,541",2018,761
"
Thugesh Shorts
    ","3,170,000",Entertainment,"1,630,696,845",383,2021,762
"
Harish hatricks
    ","2,970,000",People & Blogs,"1,621,935,012",534,2015,763
"
One Media Entertainments
    ","2,570,000",Entertainment,"1,621,686,365",911,2017,764
"
Filmi Indian
    ","3,980,000",Entertainment,"1,621,613,359","1,351",2018,765
"
Masala Kitchen
    ","6,790,000",Howto & Style,"1,618,782,508","1,639",2016,766
"
Wave Music Dhamaka
    ","4,070,000",Music,"1,617,392,425","4,735",2018,767
"
Odisha Reporter
    ","1,640,000",News & Politics,"1,615,927,917","81,759",2015,768
"
mastkalandr
    ","3,490,000",People & Blogs,"1,615,775,567","1,952",2008,769
"
Tips  Jhankar Gaane
    ","4,800,000",Entertainment,"1,615,619,506",719,2013,770
"
GupShupp
    ","2,430,000",Entertainment,"1,615,106,533",437,2022,771
"
online news india
    ","5,180,000",News & Politics,"1,614,406,307","6,940",2018,772
"
RadaanMedia
    ","1,650,000",Entertainment,"1,611,490,902","11,860",2012,773
"
Zee Keralam
    ","2,330,000",Entertainment,"1,608,291,419","27,902",2018,774
"
SS Right Information World & Suraj Sharma
    ","6,900,000",,"1,604,643,758",659,2020,775
"
Mumbiker Nikhil
    ","4,060,000",People & Blogs,"1,602,892,009","2,350",2013,776
"
Rangoli colors and designs by Keerthi
    ","3,740,000",Howto & Style,"1,602,418,382","1,086",2018,777
"
Shemaroo Punjabi
    ","4,260,000",Music,"1,600,439,090","3,179",2009,778
"
Sanjay Dey
    ","1,200,000",Entertainment,"1,599,388,158","4,244",2022,779
"
Wow Kidz Bangla
    ","3,090,000",Entertainment,"1,599,035,918",674,2019,780
"
Facts Digger Official
    ","3,730,000",,"1,598,915,809",228,2021,781
"
Zee Studios
    ","3,250,000",Film & Animation,"1,598,803,982",912,2015,782
"
Zee Sarthak
    ","2,640,000",Entertainment,"1,597,131,297","29,237",2011,783
"
Vivekjadoo Deepika
    ","1,940,000",Entertainment,"1,596,338,273",991,2020,784
"
Malik Fitness Vlog
    ","3,190,000",,"1,589,584,722","2,806",2021,785
"
Suyash Fashion
    ","2,070,000",Howto & Style,"1,588,991,153",749,2016,786
"
SuperHit Gaane
    ","4,030,000",Music,"1,588,186,298","2,268",2021,787
"
CWE India
    ","4,510,000",Entertainment,"1,587,563,300","6,523",2015,788
"
GMJ - Global Music Junction - Bhojpuri
    ","5,480,000",Music,"1,586,697,455",491,2017,789
"
Veg Village Food
    ","5,780,000",Howto & Style,"1,583,547,909",488,2014,790
"
Neelkamal Singh Official
    ","4,740,000",,"1,582,802,885",133,2017,791
"
Hakson Pro Gaming
    ","8,400,000",Gaming,"1,580,031,780",990,2017,792
"
CarryisLive
    ","12,000,000",Gaming,"1,579,613,843","1,005",2017,793
"
MostlySane
    ","7,090,000",Comedy,"1,576,972,682","1,303",2015,794
"
Mahaa News
    ","1,790,000",News & Politics,"1,572,466,670","217,218",2014,795
"
THE ROTT
    ","2,890,000",Pets & Animals,"1,569,595,297",399,2019,796
"
Yippi Gaming
    ","4,800,000",Gaming,"1,568,333,869",938,2020,797
"
Chill Pannu Maapi
    ","3,530,000",Entertainment,"1,567,745,471",759,2020,798
"
King
    ","6,260,000",Music,"1,566,759,821",139,2012,799
"
Satyajeet Jena Official
    ","9,270,000",Music,"1,561,916,346",153,2014,800
"
Gunjan Singh Entertainment
    ","3,730,000",,"1,561,289,562",239,2018,801
"
Comedy Captain
    ","12,500,000",Comedy,"1,560,143,541","3,123",2016,802
"
Sach Talks
    ","7,620,000",,"1,559,621,034","2,297",2018,803
"
Sadhguru
    ","11,600,000",Howto & Style,"1,559,332,618","3,170",2007,804
"
Coke Studio India 
    ","5,640,000",Entertainment,"1,557,336,168",680,2011,805
"
Bharatiya Janata Party
    ","5,040,000",News & Politics,"1,556,261,329","37,535",2010,806
"
HyperXAbhyuday
    ","1,030,000",Gaming,"1,555,988,567","1,379",2020,807
"
The Quint
    ","3,750,000",Entertainment,"1,555,144,995","37,102",2014,808
"
B4U Movies
    ","6,180,000",Film & Animation,"1,549,580,749",766,2011,809
"
Boldsky
    ","5,630,000",Howto & Style,"1,543,565,191","45,821",2015,810
"
Yashi Music
    ","5,060,000",Music,"1,538,196,034","3,307",2017,811
"
Classic Mini Food
    ","2,460,000",Howto & Style,"1,537,355,405",851,2020,812
"
Facts Dastan
    ","4,330,000",,"1,535,233,265",524,2021,813
"
ROCK INDIAN GAMER
    ","2,590,000",,"1,534,893,280","1,967",2018,814
"
Ultra Marathi
    ","3,600,000",Entertainment,"1,533,623,118","8,474",2009,815
"
SR Brothers
    ","6,030,000",Entertainment,"1,532,831,713",55,2018,816
"
Oolfat
    ","2,250,000",Comedy,"1,532,265,951",238,2013,817
"
Riddhi thalassemia major girl
    ","3,910,000",Entertainment,"1,530,270,894",602,2017,818
"
DIL Music
    ","4,400,000",Music,"1,529,277,788",79,2011,819
"
Sri Ganesh Videos
    ","3,120,000",Entertainment,"1,527,457,296","1,633",2013,820
"
AR Entertainments Movies
    ","2,780,000",Entertainment,"1,523,952,821","5,520",2014,821
"
ANI News
    ","3,750,000",News & Politics,"1,521,476,588","133,516",2015,822
"
Ganesh Videos
    ","3,770,000",Film & Animation,"1,521,329,932","10,637",2014,823
"
Majedar Kahaniya
    ","5,390,000",Entertainment,"1,519,309,218",283,2017,824
"
Ajay Chauhan
    ","3,570,000",Entertainment,"1,518,526,038",515,2015,825
"
YesSmartyPie
    ","5,780,000",Gaming,"1,516,007,316",886,2018,826
"
Kahani Har Ghar Ki
    ","3,210,000",,"1,514,386,703","1,577",2018,827
"
MadhurasRecipe Marathi
    ","7,210,000",Howto & Style,"1,512,615,109","1,544",2016,828
"
Mr & Mrs Choudhary
    ","4,730,000",People & Blogs,"1,512,545,784","1,202",2013,829
"
Hindustan Gamer
    ","4,030,000",Gaming,"1,510,595,197",734,2015,830
"
SEPL VIDEO
    ","4,730,000",Film & Animation,"1,509,063,624","11,751",2012,831
"
The Viral Fever
    ","12,000,000",Entertainment,"1,508,961,924",532,2011,832
"
Rkholic teena
    ","3,830,000",People & Blogs,"1,508,248,596",381,2022,833
"
Lehren Retro
    ","3,220,000",Entertainment,"1,504,551,355","5,515",2011,834
"
Mani Meraj Vines
    ","8,200,000",,"1,503,132,724",51,2018,835
"
Shemaroo Kannada
    ","3,950,000",Entertainment,"1,502,039,141","5,335",2011,836
"
Onespot Gaming
    ","3,470,000",Gaming,"1,498,850,533","2,307",2016,837
"
Hairstyle Tutorial
    ","1,330,000",Education,"1,496,838,431","1,541",2020,838
"
API Tamil Songs
    ","2,280,000",Entertainment,"1,495,277,581","1,802",2012,839
"
Resty kamboj
    ","1,590,000",Entertainment,"1,494,035,330",821,2014,840
"
Galatta Pink
    ","1,730,000",Entertainment,"1,492,295,838","20,614",2021,841
"
IMR Films
    ","3,340,000",Entertainment,"1,490,736,961","1,370",2014,842
"
Sarkari Foodie
    ","1,480,000",People & Blogs,"1,489,697,214",393,2022,843
"
Vismai Food
    ","3,820,000",Howto & Style,"1,488,225,410","1,602",2016,844
"
Danish5star
    ","2,980,000",People & Blogs,"1,485,932,161",708,2019,845
"
News18 Odia
    ","2,570,000",News & Politics,"1,482,974,727","191,346",2015,846
"
Kannada Super Scenes
    ","2,580,000",People & Blogs,"1,482,860,887","7,886",2015,847
"
Filmy Crazy
    ","3,470,000",Entertainment,"1,482,112,796","5,304",2018,848
"
ALBUM CREATIONS
    ","3,070,000",Entertainment,"1,482,037,105",572,2017,849
"
Sanjeev Kapoor Khazana 
    ","7,370,000",Howto & Style,"1,479,945,295","14,193",2009,850
"
Pebbles live
    ","4,800,000",Education,"1,479,108,923","5,270",2013,851
"
BR Bhai
    ","3,500,000",Entertainment,"1,476,837,052","1,156",2016,852
"
Spice ASMR
    ","3,760,000",Entertainment,"1,473,570,304",449,2017,853
"
shravani's kitchen
    ","4,070,000",Howto & Style,"1,472,486,354","1,410",2016,854
"
Naveen Ricky
    ","2,210,000",People & Blogs,"1,468,172,964",733,2020,855
"
UnGraduate Gamer
    ","8,100,000",Gaming,"1,464,234,625","2,006",2018,856
"
Dear Sir
    ","16,600,000",Education,"1,463,952,733",681,2016,857
"
satyamvideos
    ","1,990,000",Music,"1,462,031,707","1,851",2013,858
"
SGV Digital - Kannada Full Movies
    ","3,900,000",Entertainment,"1,461,406,764","1,601",2015,859
"
DRJ Records Movies 
    ","9,620,000",Film & Animation,"1,459,746,705","1,054",2015,860
"
chatpat toy tv
    ","5,660,000",,"1,458,468,151","1,439",2019,861
"
Jagriti Vishali Shorts
    ","2,010,000",Entertainment,"1,457,834,412",572,2020,862
"
Sidharth Music
    ","3,440,000",Entertainment,"1,449,364,176","2,217",2016,863
"
MX Player
    ","3,730,000",Entertainment,"1,447,757,397",919,2011,864
"
Flyingmeenaboi
    ","4,220,000",,"1,447,208,446",298,2013,865
"
HooplaKidz TV - Funny Cartoons For Kids
    ","3,800,000",Education,"1,441,226,548","1,128",2012,866
"
DRJ Records Zest
    ","8,680,000",Entertainment,"1,436,308,060",816,2017,867
"
Prasadtechintelugu
    ","4,260,000",Science & Technology,"1,434,698,025","4,093",2015,868
"
Pocket Films
    ","3,760,000",Film & Animation,"1,431,015,190","2,529",2009,869
"
Maahi Queen
    ","4,490,000",Entertainment,"1,429,914,147",199,2016,870
"
Shree Jee - Bhakti
    ","6,530,000",Music,"1,429,382,567","2,700",2016,871
"
Zee Bihar Jharkhand
    ","4,280,000",News & Politics,"1,426,941,997","50,552",2014,872
"
Shruti Shorts
    ","2,670,000",Comedy,"1,420,835,951",471,2018,873
"
ALTT
    ","4,360,000",Entertainment,"1,418,881,015","4,761",2016,874
"
Rhythm Boyz
    ","3,110,000",Music,"1,416,944,967",203,2015,875
"
TsMadaan
    ","12,000,000",Howto & Style,"1,413,818,426","2,092",2008,876
"
India Forums
    ","3,590,000",Entertainment,"1,411,022,068","14,877",2010,877
"
Trending Theeviravadhi
    ","4,840,000",Entertainment,"1,409,554,770",344,2020,878
"
AmdavadiMan Ni Duniya
    ","2,210,000",People & Blogs,"1,408,182,731",426,2019,879
"
Official the jeet
    ","5,730,000",Entertainment,"1,404,860,212",721,2021,880
"
manoramaMAX
    ","1,880,000",Entertainment,"1,404,518,814","11,169",2019,881
"
Desi Version
    ","3,960,000",Entertainment,"1,402,659,529",650,2014,882
"
FACT FIRE KING
    ","14,300,000",,"1,401,103,784",849,2020,883
"
Badge 99
    ","10,100,000",Gaming,"1,400,926,600",736,2016,884
"
Gotcha! Hindi
    ","3,330,000",People & Blogs,"1,400,542,676",254,2021,885
"
SIIMA
    ","3,280,000",People & Blogs,"1,395,905,358","6,968",2015,886
"
Bamb Beats
    ","4,150,000",People & Blogs,"1,395,778,641",137,2017,887
"
Official Deep Kaur Shorts
    ","2,400,000",People & Blogs,"1,395,150,054","1,150",2021,888
"
Nakkalites
    ","5,200,000",Comedy,"1,392,739,109",809,2017,889
"
Sri Balaji Comedy
    ","2,670,000",Entertainment,"1,391,940,003","4,261",2013,890
"
Bollywood pe Charcha
    ","2,050,000",Entertainment,"1,391,404,256","5,544",2017,891
"
Riya Films
    ","4,100,000",,"1,390,869,833","10,442",2015,892
"
GoldminesAction
    ","12,700,000",Film & Animation,"1,390,562,776","1,140",2015,893
"
Rojgar with Ankit
    ","9,930,000",,"1,389,859,688","17,755",2017,894
"
Indian Farmer
    ","4,090,000",Howto & Style,"1,388,364,702","1,862",2018,895
"
Fukra Insaan
    ","9,080,000",People & Blogs,"1,385,170,687",284,2019,896
"
SVF Music
    ","3,320,000",Music,"1,384,535,947","2,075",2016,897
"
IKRU Entertainments
    ","2,160,000",Comedy,"1,382,895,202",744,2016,898
"
VeerParul Official
    ","3,140,000",Comedy,"1,382,633,956",788,2022,899
"
Rajshri Soul
    ","3,450,000",Music,"1,382,458,900","1,146",2009,900
"
Trakin Shorts
    ","2,560,000",People & Blogs,"1,381,342,801",777,2021,901
"
Aryan verma studios
    ","4,890,000",Howto & Style,"1,378,106,890",427,2017,902
"
Too Much Facts
    ","2,780,000",,"1,372,939,997",669,2020,903
"
Spread Love - Satheesh Shanmu
    ","1,640,000",Entertainment,"1,372,358,809",967,2020,904
"
Wings Marathi
    ","4,570,000",Entertainment,"1,371,118,701","2,278",2010,905
"
Video Palace
    ","2,680,000",Music,"1,369,526,743",924,2010,906
"
Shemaroo Telugu
    ","3,080,000",Entertainment,"1,366,307,785","12,572",2009,907
"
Nitin Narware
    ","4,640,000",Comedy,"1,365,163,599",197,2020,908
"
COMEDY SONOTEK
    ","4,410,000",People & Blogs,"1,364,745,444","1,481",2016,909
"
Sarpmitra Akash Jadhav
    ","5,340,000",Pets & Animals,"1,363,290,407",745,2017,910
"
Sachet Parampara
    ","4,890,000",Music,"1,363,222,599",389,2011,911
"
Manorama Music Songs
    ","2,570,000",Music,"1,359,100,714","3,368",2013,912
"
âRespect
    ","2,190,000",Sports,"1,358,987,562",89,2021,913
"
Tanmay Bhat
    ","4,560,000",Comedy,"1,358,614,842",956,2006,914
"
DawsenTv - Bengali Stories & Rhymes
    ","3,360,000",Film & Animation,"1,358,015,936",951,2013,915
"
Sheethal And Vinu
    ","1,820,000",Entertainment,"1,357,853,716",620,2021,916
"
Nirahua Entertainment
    ","3,140,000",Entertainment,"1,354,324,156",612,2017,917
"
Jubin Nautiyal
    ","5,970,000",Music,"1,353,234,515",175,2009,918
"
Pandit Pradeep Ji Mishra Sehore Wale
    ","5,990,000",People & Blogs,"1,350,509,663","4,918",2012,919
"
Yuki Music
    ","5,100,000",Music,"1,343,398,415","4,624",2014,920
"
Universe Adventure
    ","7,690,000",Science & Technology,"1,342,289,854",537,2016,921
"
Music Master | Tamil Songs | Ilayaraja
    ","2,450,000",Music,"1,342,065,862","3,725",2016,922
"
LOL (Life of Limbachiyaaâs)
    ","4,340,000",Entertainment,"1,341,660,800",637,2021,923
"
Jatt Life Studios
    ","2,860,000",Music,"1,338,699,517",108,2018,924
"
Mai Mohini
    ","3,000,000",Comedy,"1,338,608,604",417,2021,925
"
Bolly Kick
    ","8,810,000",Film & Animation,"1,338,544,947",923,2011,926
"
Veggie Paaji
    ","3,340,000",Entertainment,"1,337,449,444","1,437",2016,927
"
Grandpa Kitchen
    ","9,480,000",Howto & Style,"1,333,471,417",506,2017,928
"
Manish saini
    ","4,020,000",Comedy,"1,333,040,543",646,2019,929
"
Bihar Tak
    ","3,290,000",News & Politics,"1,331,356,964","30,805",2018,930
"
Khushbu Style
    ","3,130,000",Howto & Style,"1,327,343,736","1,946",2017,931
"
aha videoIN
    ","2,570,000",Entertainment,"1,327,266,906","4,488",2020,932
"
Shabad Gurbani
    ","3,460,000",Music,"1,318,845,846","11,446",2011,933
"
Nova Spiritual India
    ","4,590,000",Music,"1,317,871,541",753,2015,934
"
Elvish yadav
    ","14,600,000",Comedy,"1,316,200,511",185,2016,935
"
Behindwoods Hits
    ","1,370,000",Film & Animation,"1,312,734,485","25,091",2022,936
"
CRUX
    ","2,220,000",News & Politics,"1,312,255,005","14,454",2016,937
"
Ramsivasa Tamil
    ","1,540,000",Howto & Style,"1,311,212,877","2,149",2018,938
"
Fever FM
    ","2,180,000",Entertainment,"1,309,736,617","7,403",2013,939
"
Josh -  Hindi Stories Comedy Videos
    ","4,000,000",Entertainment,"1,308,571,386",287,2019,940
"
Meditative Mind
    ","5,430,000",Music,"1,307,139,070","1,660",2009,941
"
Best In Bollywood
    ","3,330,000",Entertainment,"1,306,842,730",829,2011,942
"
DisneyPlus Hotstar_IN
    ","1,660,000",Entertainment,"1,306,118,879",463,2019,943
"
sansCARi sumit
    ","1,140,000",Autos & Vehicles,"1,304,345,426","2,338",2010,944
"
Son And Dad
    ","3,110,000",People & Blogs,"1,301,849,266",430,2022,945
"
Team Kunjippuzhu by Nikhil & Lena
    ","1,580,000",Comedy,"1,300,843,342",723,2019,946
"
Swara Singh
    ","4,360,000",People & Blogs,"1,298,665,379",308,2020,947
"
Hassjack
    ","3,870,000",Comedy,"1,296,857,673",363,2017,948
"
Indonesian Fairy Tales
    ","3,990,000",Film & Animation,"1,290,182,508",644,2016,949
"
T-Series Islamic Music
    ","4,510,000",Entertainment,"1,289,413,634","4,810",2014,950
"
Action Tadka India
    ","4,320,000",Film & Animation,"1,289,371,996","1,596",2014,951
"
Vikasverma 
    ","2,110,000",Comedy,"1,284,385,695",981,2017,952
"
MortaL
    ","7,000,000",Gaming,"1,279,963,325","1,921",2013,953
"
Adda247 
    ","7,650,000",Education,"1,279,757,417","43,486",2016,954
"
Mayur Thakur
    ","5,650,000",People & Blogs,"1,279,493,624",326,2021,955
"
Akshara Singh
    ","4,070,000",Music,"1,278,140,327",185,2017,956
"
Rachitroo
    ","5,910,000",Gaming,"1,275,721,329",649,2015,957
"
ATIF FC
    ","3,510,000",Entertainment,"1,274,474,034",366,2019,958
"
Village Food Channel
    ","7,500,000",People & Blogs,"1,274,144,892",413,2018,959
"
Drishti IAS
    ","10,900,000",People & Blogs,"1,273,431,501","12,709",2017,960
"
Arbaaz Shaikh
    ","4,490,000",People & Blogs,"1,273,104,996",685,2022,961
"
Khushi - Hindi Stories Super Comedy Videos
    ","3,990,000",Entertainment,"1,272,984,585",315,2019,962
"
Chintu Toons
    ","2,510,000",Entertainment,"1,272,331,273",98,2019,963
"
Peekaboo Kidz
    ","4,060,000",Education,"1,271,315,928",747,2014,964
"
Assassins ARMY
    ","10,200,000",Gaming,"1,270,836,597","1,006",2019,965
"
Rehaan Roy
    ","3,090,000",People & Blogs,"1,270,030,708",366,2011,966
"
Ultra Action Hits
    ","6,460,000",Entertainment,"1,269,295,027","1,047",2016,967
"
Sonotek Haryanvi
    ","10,000,000",Music,"1,269,041,173","3,649",2015,968
"
Dancefit Live
    ","6,080,000",Entertainment,"1,267,214,308",264,2016,969
"
NTM Cinemas
    ","4,400,000",Film & Animation,"1,264,623,648","3,083",2016,970
"
Mango Videos
    ","3,140,000",Entertainment,"1,264,562,271","9,226",2008,971
"
Laksh Dadwani
    ","1,370,000",People & Blogs,"1,264,306,803",951,2020,972
"
News18 Lokmat
    ","2,660,000",News & Politics,"1,263,672,447","143,057",2011,973
"
arunj224
    ","1,890,000",Entertainment,"1,260,905,151",400,2013,974
"
Chu Chu Ke Funs
    ","3,890,000",Entertainment,"1,259,846,831",927,2016,975
"
rajuindori
    ","1,880,000",Comedy,"1,258,741,617",958,2016,976
"
Tips Theatre
    ","4,360,000",Education,"1,256,189,249","3,414",2018,977
"
Samreen Ali
    ","4,420,000",Comedy,"1,255,987,287",650,2016,978
"
Home entertainment and vlog
    ","1,870,000",People & Blogs,"1,255,430,081","1,796",2013,979
"
Play DMF
    ","3,950,000",Entertainment,"1,255,239,333",236,2018,980
"
Ruptara Vlogs
    ","1,860,000",People & Blogs,"1,254,447,396","7,885",2021,981
"
Delicious Food
    ","4,190,000",Howto & Style,"1,251,785,941","1,588",2019,982
"
Missjasleenarora
    ","2,270,000",People & Blogs,"1,249,738,000",351,2020,983
"
 FS star News
    ","2,440,000",Entertainment,"1,248,347,493","8,839",2017,984
"
Telugu Foodie
    ","1,300,000",Entertainment,"1,248,122,068",893,2022,985
"
wifistudy 2.0 by Unacademy
    ","5,800,000",People & Blogs,"1,246,188,006","19,686",2017,986
"
TellyTalkIndia
    ","2,160,000",News & Politics,"1,243,556,006","38,032",2013,987
"
Hitz Music
    ","4,300,000",Music,"1,243,385,329",735,2017,988
"
Gaane Filmi
    ","2,810,000",Music,"1,242,914,642",410,2021,989
"
TFPC
    ","1,790,000",Entertainment,"1,240,991,377","30,152",2014,990
"
Elvish Yadav Vlogs
    ","7,600,000",People & Blogs,"1,240,189,491",738,2019,991
"
Shri Devkinandan Thakur Ji 
    ","4,790,000",People & Blogs,"1,240,011,647","8,385",2014,992
"
Dynamo Gaming
    ","9,970,000",People & Blogs,"1,239,287,533","2,251",2010,993
"
Cineulagam
    ","2,820,000",Entertainment,"1,239,181,706","25,380",2011,994
"
LoveSHEET
    ","4,760,000",Music,"1,238,736,243",115,2017,995
"
Tech Boss
    ","4,240,000",Science & Technology,"1,235,011,326","1,596",2018,996
"
Vijay shorts
    ","1,800,000",People & Blogs,"1,233,741,927","1,243",2019,997
"
Saga Music Haryanvi
    ","2,980,000",Music,"1,233,081,954","1,846",2010,998
"
Nandighosha TV
    ","2,540,000",News & Politics,"1,232,703,220","136,076",2016,999
"
Lalitha Audios And Videos
    ","2,850,000",Music,"1,232,238,431","1,465",2012,1000
